UnitNumber,Setting1,Setting2,Setting3,Sensor1,Sensor2,Sensor3,Sensor4,Sensor5,Sensor6,Sensor7,Sensor8,Sensor9,Sensor10,Sensor11,Sensor12,Sensor13,Sensor14,Sensor15,Sensor16,Sensor17,Sensor18,Sensor19,Sensor20,Sensor21,ma_5_Sensor1,ma_5_Sensor2,ma_5_Sensor3,ma_5_Sensor4,ma_5_Sensor5,ma_5_Sensor6,ma_5_Sensor7,ma_5_Sensor8,ma_5_Sensor9,ma_5_Sensor10,ma_5_Sensor11,ma_5_Sensor12,ma_5_Sensor13,ma_5_Sensor14,ma_5_Sensor15,ma_5_Sensor16,ma_5_Sensor17,ma_5_Sensor18,ma_5_Sensor19,ma_5_Sensor20,ma_5_Sensor21,mm_5_Sensor1,mm_5_Sensor2,mm_5_Sensor3,mm_5_Sensor4,mm_5_Sensor5,mm_5_Sensor6,mm_5_Sensor7,mm_5_Sensor8,mm_5_Sensor9,mm_5_Sensor10,mm_5_Sensor11,mm_5_Sensor12,mm_5_Sensor13,mm_5_Sensor14,mm_5_Sensor15,mm_5_Sensor16,mm_5_Sensor17,mm_5_Sensor18,mm_5_Sensor19,mm_5_Sensor20,mm_5_Sensor21,sd_5_Sensor1,sd_5_Sensor2,sd_5_Sensor3,sd_5_Sensor4,sd_5_Sensor5,sd_5_Sensor6,sd_5_Sensor7,sd_5_Sensor8,sd_5_Sensor9,sd_5_Sensor10,sd_5_Sensor11,sd_5_Sensor12,sd_5_Sensor13,sd_5_Sensor14,sd_5_Sensor15,sd_5_Sensor16,sd_5_Sensor17,sd_5_Sensor18,sd_5_Sensor19,sd_5_Sensor20,sd_5_Sensor21,ma_10_Sensor1,ma_10_Sensor2,ma_10_Sensor3,ma_10_Sensor4,ma_10_Sensor5,ma_10_Sensor6,ma_10_Sensor7,ma_10_Sensor8,ma_10_Sensor9,ma_10_Sensor10,ma_10_Sensor11,ma_10_Sensor12,ma_10_Sensor13,ma_10_Sensor14,ma_10_Sensor15,ma_10_Sensor16,ma_10_Sensor17,ma_10_Sensor18,ma_10_Sensor19,ma_10_Sensor20,ma_10_Sensor21,mm_10_Sensor1,mm_10_Sensor2,mm_10_Sensor3,mm_10_Sensor4,mm_10_Sensor5,mm_10_Sensor6,mm_10_Sensor7,mm_10_Sensor8,mm_10_Sensor9,mm_10_Sensor10,mm_10_Sensor11,mm_10_Sensor12,mm_10_Sensor13,mm_10_Sensor14,mm_10_Sensor15,mm_10_Sensor16,mm_10_Sensor17,mm_10_Sensor18,mm_10_Sensor19,mm_10_Sensor20,mm_10_Sensor21,sd_10_Sensor1,sd_10_Sensor2,sd_10_Sensor3,sd_10_Sensor4,sd_10_Sensor5,sd_10_Sensor6,sd_10_Sensor7,sd_10_Sensor8,sd_10_Sensor9,sd_10_Sensor10,sd_10_Sensor11,sd_10_Sensor12,sd_10_Sensor13,sd_10_Sensor14,sd_10_Sensor15,sd_10_Sensor16,sd_10_Sensor17,sd_10_Sensor18,sd_10_Sensor19,sd_10_Sensor20,sd_10_Sensor21,ac_5_3_Sensor1,ac_5_3_Sensor2,ac_5_3_Sensor3,ac_5_3_Sensor4,ac_5_3_Sensor5,ac_5_3_Sensor6,ac_5_3_Sensor7,ac_5_3_Sensor8,ac_5_3_Sensor9,ac_5_3_Sensor10,ac_5_3_Sensor11,ac_5_3_Sensor12,ac_5_3_Sensor13,ac_5_3_Sensor14,ac_5_3_Sensor15,ac_5_3_Sensor16,ac_5_3_Sensor17,ac_5_3_Sensor18,ac_5_3_Sensor19,ac_5_3_Sensor20,ac_5_3_Sensor21,percent_10_0.8_Sensor1,percent_10_0.8_Sensor2,percent_10_0.8_Sensor3,percent_10_0.8_Sensor4,percent_10_0.8_Sensor5,percent_10_0.8_Sensor6,percent_10_0.8_Sensor7,percent_10_0.8_Sensor8,percent_10_0.8_Sensor9,percent_10_0.8_Sensor10,percent_10_0.8_Sensor11,percent_10_0.8_Sensor12,percent_10_0.8_Sensor13,percent_10_0.8_Sensor14,percent_10_0.8_Sensor15,percent_10_0.8_Sensor16,percent_10_0.8_Sensor17,percent_10_0.8_Sensor18,percent_10_0.8_Sensor19,percent_10_0.8_Sensor20,percent_10_0.8_Sensor21
1,-0.0003,-0.0003,100.0,0.0,0.6143962893033658,-0.23126735165996593,-0.7146225095647291,-1.0,-1.0,0.01235291070495953,-1.5723948706859254,0.8259931132214952,1.0,0.40886848540937604,-2.4002024904354506,-2.0543036503594636,0.8217498966541312,0.015118351291304724,-1.0,0.29368923928573265,0.0,0.0,0.6402632734742911,-0.34694072697578787,0.0,-0.23436863798868526,-0.1501056018321511,-0.01936102955652148,-1.0,-1.0,0.558042741097091,-0.8428892232066113,-0.0010551006924319317,1.0,-0.2050730997130691,-0.16680036882920493,-0.5345858363094237,0.2971230357615476,-0.2710163394637042,-1.0,-0.1615290816071659,0.0,0.0,0.8883652919455578,0.24505981392981685,0.0,-0.3022698321719876,-0.23126735165996593,0.35360418210831124,-1.0,-1.0,0.4910282005226855,-0.9092079184333742,0.22556545509763512,1.0,-0.3833142050711757,-0.0939720387767124,0.11672179828109987,0.41649920770116233,0.015118351291304724,-1.0,0.29368923928573265,0.0,0.0,0.8470149555337045,-0.33235943286484604,0.0,0.8136818566437205,0.7978242228476142,0.6826938596113429,0.0,0.0,0.627667251719582,0.43990845729712014,0.7072746855469328,0.0,0.5179566438940517,1.2836531194808756,0.8684101794554027,0.3589982554218831,0.6679772309190004,0.0,0.5575263038770681,0.0,0.0,0.2967444886612494,1.0416213557248755,0.0,-0.41770186228375594,-0.2503155174358674,0.09869238477996246,-1.0,-1.0,0.2181832853265926,-0.5444550946922092,0.24332129245837592,1.0,-0.35360735417818134,-0.009005653715777662,-0.17274826153599648,0.19785232435911665,-0.12992233678104864,-1.0,-0.1615290816071659,0.0,0.0,0.33013575038522247,0.13103409398198257,0.0,-0.7096769972721876,-0.43417172622947164,0.09372996249592928,-1.0,-1.0,0.25169055561382253,-0.41181770424019115,0.4954074570946927,1.0,-0.4328256232262366,0.12855896971645273,0.11672179828109987,0.42435290322353547,0.022518386397064757,-1.0,-0.27533366183039054,0.0,0.0,0.6919511939891261,-0.1238469270778603,0.0,0.79667519424939,1.118482340755129,1.1941212222032673,0.0,0.0,0.7749662764992977,0.6540045626483288,0.6055575908703223,0.0,0.6818209466402075,0.9345251383778074,0.7555390374141384,0.8909225554258182,0.7165577962585639,0.0,0.7548941840486735,0.0,0.0,0.9451966953595543,1.1806796815515455,1.0,0.26706128133704243,0.1732698426685531,0.38241946871776705,1.0,1.0,0.2744213097591839,0.21363636364002786,-0.13947337409816485,1.0,0.12192982456141906,-0.08490701001427756,-0.1500000000004737,-0.011470840480316291,-0.4580324220539744,1.0,-0.4,1.0,1.0,-0.23495145631071473,-0.2811070455478834,0.0,0.6822974834866681,0.721140937135668,0.7479861636305856,-1.0,-1.0,1.0295379015674233,0.08557250995299198,0.7512316927547706,1.0,0.40886848540937604,0.3510899782098479,0.11672179828109987,0.9772530679965197,0.5207874168497626,-1.0,0.29368923928573265,0.0,0.0,1.157142478622751,1.299287378153375
1,-0.0018,0.0003,100.0,0.0,0.0032855416532588107,-0.3140854637291378,1.6281631687499065,-1.0,-1.0,-0.7774613174939345,1.7435398905768302,-1.662160411688861,1.0,0.8049598306496519,0.7556918118340145,1.564072097374809,0.8877209390418371,0.69098822428163,-1.0,-1.9824023651787601,0.0,0.0,-1.1171260240304657,-0.8951973855484427,0.0,-0.044245294275207174,0.04203241816835788,0.18592654493125196,-1.0,-1.0,0.14159523895576193,-0.4449770518550805,-0.45569798890609403,1.0,0.11179997647916565,0.0031324012929404123,-0.2451157764906819,0.3882259038207333,0.10490544390755599,-1.0,-0.3891382420536152,0.0,0.0,0.49553709603272383,0.17215334337494204,0.0,0.0032855416532588107,-0.23126735165996593,0.35360418210831124,-1.0,-1.0,0.01235291070495953,-0.9092079184333742,-0.7907226043729118,1.0,0.40886848540937604,0.14878906139764955,0.11672179828109987,0.41649920770116233,0.029918421502824793,-1.0,0.29368923928573265,0.0,0.0,0.6402632734742911,-0.33235943286484604,0.0,0.7318224261693762,0.5933024913266552,0.9432101937940839,0.0,0.0,0.6824439209505634,1.140989975226847,0.8777562181112076,0.0,0.5531114624194619,1.337170802978029,1.2109401396428616,0.4320783235727651,0.5670691317440211,0.0,0.9104366417857971,0.0,0.0,0.8589530916606961,1.104240546206761,0.0,-0.3464056083912113,-0.10151897608489649,0.42856287660954423,-1.0,-1.0,0.12244822736307462,-0.2128616185659337,0.032587538517636606,1.0,-0.22487766697508643,0.08809878635405909,-0.10038074658131105,0.39796448626845315,-0.0993355250106848,-1.0,-0.3891382420536152,0.0,0.0,0.2887854139733471,0.13599173397972347,0.0,-0.5059734147220876,-0.27267640769455187,0.4776647392096753,-1.0,-1.0,0.16792237989567965,-0.24602096618082314,0.38560162078424404,1.0,-0.18526853245103778,0.14878906139764955,0.11672179828109987,0.6269782477000199,0.022518386397064757,-1.0,-0.8443565629465137,0.0,0.0,0.6919511939891261,-0.1238469270778603,0.0,0.7992535897920038,0.9942236839775032,1.1126635150087902,0.0,0.0,0.8308981301455073,0.8576676637893906,0.8254106586856272,0.0,0.7621542690618416,0.9581890615093088,0.8744200101913038,0.7933168023036403,0.7438965421380538,0.0,0.9104366417857972,0.0,0.0,0.9971348764734723,1.1762477535923788,1.0,0.17334710743794854,-0.25364151237509036,0.3777354863325406,1.0,1.0,0.13552100757651744,-0.07567567567572964,0.33158647331168783,1.0,0.03846153846153957,0.09571522742253352,-0.2678571428554665,-0.17514219863407987,0.0269937090162942,1.0,-0.3375,1.0,1.0,-0.20996523754344873,0.08956614654097773,0.0,0.6822974834866681,0.721140937135668,1.246840193238263,-1.0,-1.0,1.0295379015674233,0.25136924801236,0.7512316927547706,1.0,0.5078913217194274,0.6140811700656367,0.11672179828109987,0.9772530679965197,0.6737214757015817,-1.0,0.29368923928573265,0.0,0.0,1.157142478622751,1.299287378153375
1,0.0014,0.0002,100.0,0.0,-0.4380722205385923,-0.813754739879869,0.6774675311729297,-1.0,-1.0,0.6585645519586991,0.417165986071728,-0.748669305360273,1.0,-0.3833142050711757,0.47247052829725883,-1.3306285008126093,-1.3270211982593916,2.0575280404738003,-1.0,-0.8443565629465137,0.0,0.0,1.157142478622788,-1.113916797213088,0.0,-0.2818994739169197,-0.2191206952231381,0.5150134964001941,-1.0,-1.0,0.1751025092429646,-0.17970227095406005,-0.6505449409976757,1.0,0.11179997647916565,0.06786869467286229,-0.5345858363094237,0.03952182262862247,0.6900015529342186,-1.0,-0.3891382420536152,0.0,0.0,0.4541867596208558,-0.08214442592046312,0.0,-0.3022698321719876,-0.3140854637291378,0.6304551095345519,-1.0,-1.0,0.01235291070495953,-0.5776144422995592,-0.7907226043729118,1.0,0.40886848540937604,0.47247052829725883,-0.9687909260309547,0.036380344419673236,0.6564547271215333,-1.0,0.29368923928573265,0.0,0.0,0.6402632734742911,-0.34694072697578787,0.0,0.6195774681194143,0.6243277311312512,0.750583499207759,0.0,0.0,0.7025935832839202,1.1563059622169227,0.8104524083000341,0.0,0.5531114624194619,1.3504249152106709,1.2617707379300032,0.8083017937366013,0.7432943069101048,0.0,0.9104366417857972,0.0,0.0,0.8202597768153798,1.2187832403234051,0.0,-0.3192451307178518,-0.11918683999298565,0.4097579079541752,-1.0,-1.0,0.24929717916473662,-0.17970227095406016,-0.096843170665476,1.0,-0.264486801499114,0.12046693304402004,-0.2451157764906819,0.14067742095642866,0.22774602666273439,-1.0,-0.3891382420536152,0.0,0.0,0.5368874324446066,-0.022361120065467043,0.0,-0.37017102635529,-0.27267640769455187,0.4776647392096753,-1.0,-1.0,0.4072600248045426,-0.24602096618082314,0.05384781746283488,1.0,-0.3833142050711757,0.18924924476004323,0.11672179828109987,0.42435290322353547,0.1458523048259751,-1.0,-0.8443565629465137,0.0,0.0,0.7953270350188328,-0.3396500799203169,0.0,0.791019769555898,1.005094232053086,1.1066927820627606,0.0,0.0,0.8058573496666427,0.8748036719915891,0.836220435597169,0.0,0.7590602606091038,0.9651344016912389,0.9435569551016171,0.888156283559659,0.8874214742736413,0.0,0.9104366417857972,0.0,0.0,0.864904338988845,1.2262055512938739,1.0,-0.1476579389863459,0.08570228660181142,0.036310483246033164,1.0,1.0,0.3716301522465828,-0.24539473684196655,0.049949641507362134,1.0,0.39102564102563897,0.10879712746855712,-0.1796052631562011,0.1082576068830159,-0.016842932509162453,1.0,-0.33749999999999997,1.0,1.0,-0.262770012706465,-0.3004345283052505,0.0,0.6822974834866681,0.721140937135668,1.152815349961418,-1.0,-1.0,1.0295379015674233,0.417165986071728,0.7512316927547706,1.0,0.5078913217194274,0.6140811700656367,0.11672179828109987,0.92698941665356,0.8217221778162566,-1.0,0.29368923928573265,0.0,0.0,1.2088303991376228,1.1432675311659348
1,0.0035,0.0001,100.0,0.0,0.9199516631286122,0.24355649087003253,0.5651600794811898,-1.0,-1.0,-1.5433417812022416,-0.24602096618082314,-0.21833047892386095,1.0,1.3000740121999792,0.6747714451092272,0.11672179828109987,0.6960907682967322,0.8044554292362082,-1.0,-0.8443565629465137,0.0,0.0,-0.18674345476321558,2.0123126601800863,0.0,0.15945828827493136,-0.3604636064878767,0.5019544903895217,-1.0,-1.0,-0.08338214725853121,-0.04706488050354988,-0.5360665159078655,1.0,0.2900410818372863,-0.11824814879433257,-0.3174832914470128,0.1714639074040343,0.8449089544808952,-1.0,-0.6167474025000644,0.0,0.0,0.2060847411496038,0.3867899926885233,0.0,0.0032855416532588107,-0.3140854637291378,0.5651600794811898,-1.0,-1.0,0.01235291070495953,-0.24602096618082314,-0.748669305360273,1.0,0.40886848540937604,0.47247052829725883,0.11672179828109987,0.6960907682967322,0.69098822428163,-1.0,-0.8443565629465137,0.0,0.0,0.5368874324446212,-0.34694072697578787,0.0,0.5253464097027483,0.37299587605545137,0.7490277928056506,0.0,0.0,0.9905224892232043,1.1017689126306642,0.8228971436890306,0.0,0.7341059155289197,1.1789405950611098,1.2617707379305694,0.8497985986861853,0.6663093226956117,0.0,0.8516354964818722,0.0,0.0,0.7883721150700098,1.4595758579465463,0.0,-0.30226983217198755,0.03651121069707762,0.4828883416139395,-1.0,-1.0,0.22775679112293626,-0.21286161856744162,-0.20758352473190742,1.0,-0.036734277985953655,0.1406970247252169,-0.2451157764906819,0.3696911823879955,0.28201295077144267,-1.0,-0.6167474025000644,0.0,0.0,0.4438491755178888,0.34421261388446966,0.0,-0.37017102635529,-0.17053406947588978,0.5834426878961145,-1.0,-1.0,0.4072600248045426,-0.24602096618082314,-0.16810014954791316,1.0,0.01277714016910017,0.18924924476004323,0.11672179828109987,0.5641486835213204,0.343186574312179,-1.0,-0.8443565629465137,0.0,0.0,0.7436391145039978,-0.1238469270778603,0.0,0.8152386022052535,0.9254785580785906,1.0902612102889724,0.0,0.0,0.8494294992376644,0.8703933985221582,0.7689434477035336,0.0,0.8474989643785799,0.974376648335201,0.9435569551016171,0.682858588214665,0.9042762156509737,0.0,0.6828274813393478,0.0,0.0,0.8874079888295178,1.231729133117836,1.0,0.45065152021382193,0.324810142114034,-0.03669306870983688,1.0,1.0,0.17059785147127474,0.009420289856106415,0.14923924643649875,1.0,0.2870451237263489,-0.2583341185338412,-0.15,0.25744787851619866,-0.08782398189648671,1.0,-0.1142857142857143,1.0,1.0,0.04635488308116145,-0.3783757233242332,0.0,0.6822974834866681,0.721140937135668,1.152815349961418,-1.0,-1.0,1.0295379015674233,0.417165986071728,0.6437621508337478,1.0,0.7059369943395654,0.7152316284716208,0.11672179828109987,0.92698941665356,0.8784557802935457,-1.0,0.29368923928573265,0.0,0.0,1.2088303991376228,2.070637836624009
1,0.0029,0.0001,100.0,0.0,0.37674210966142163,-0.018700864015730827,0.202119712384471,-1.0,-1.0,-0.6577924950396391,-1.2408013945521101,-0.5033583944537797,1.0,-0.5813598776913488,0.35108997820961785,-1.6924660755778094,-0.5322272113979144,-1.3218213244778256,-1.0,-0.8443565629465137,0.0,0.0,0.8470149555337045,0.05258673166494989,0.0,0.2952606766416132,-0.22685038568293425,0.4716575964447536,-1.0,-1.0,-0.46153562621443134,-0.17970227095406008,-0.4613050954410559,1.0,0.3098456490992965,-0.029235745397066505,-0.6793208662187947,0.10926263886707892,0.4492537441610235,-1.0,-0.8443565629465137,0.0,0.0,0.2681102457674205,-0.05823110357845651,0.0,0.37674210966142163,-0.23126735165996593,0.5651600794811898,-1.0,-1.0,-0.6577924950396391,-0.24602096618082314,-0.5033583944537797,1.0,0.40886848540937604,0.47247052829725883,-1.3306285008126093,0.6960907682967322,0.69098822428163,-1.0,-0.8443565629465137,0.0,0.0,0.6402632734742911,-0.34694072697578787,0.0,0.47365645975374077,0.35119653821872854,0.7574320752644725,0.0,0.0,0.7467027671715295,1.1937365140532517,0.8053041042933353,0.0,0.7085497386052797,1.1941170412957365,1.3422174503124238,0.8868396878685048,1.104203825952078,0.0,0.7197633633294869,0.0,0.0,0.8233806242712725,1.1133526088161965,0.0,-0.11554154816775182,-0.17633133732072742,0.22223058164091794,-1.0,-1.0,0.07936745127947384,-0.3786583566298255,-0.24613238216008884,1.0,-0.15556168155803643,0.15283507973393493,-0.3898508064000529,0.2176436370754284,0.054585205188571816,-1.0,-0.6167474025000644,0.0,0.0,0.4024988391060135,0.1365749857441715,0.0,-0.1494921452593644,-0.17053406947588978,0.45938213079475054,-1.0,-1.0,0.16792237989567965,-0.41181770424019115,-0.3608444366888203,1.0,-0.3833142050711757,0.24993951980363371,0.11672179828109987,0.42435290322353547,0.022518386397064757,-1.0,-0.8443565629465137,0.0,0.0,0.7436391145039978,-0.13988635059994808,0.0,0.7312000242345568,0.6178123226966633,0.7665972895962956,0.0,0.0,0.8614692473612816,0.8922267928521479,0.773130929296255,0.0,0.8320864836361769,0.976164289007378,1.038669238720647,0.6973247384124406,0.9890758955403908,0.0,0.6828274813393478,0.0,0.0,0.8575211390027079,1.0788950085763513,1.0,0.1565145910399542,-0.032813156502874224,-0.147338237210565,1.0,1.0,-0.16165036574341493,-0.2734567901219094,0.11203468974838299,1.0,-0.1367187500000032,-0.19224834680384575,-0.37383720930108744,-0.020665510903258903,-0.09552230463977286,1.0,0.0,1.0,1.0,-0.2865069356872613,-0.11141695871606576,0.0,0.6822974834866681,0.36778365897382176,0.6539613203537408,-1.0,-1.0,0.9457697258492803,0.08557250994545243,0.6437621508337478,1.0,0.606914158029514,0.7152316284716208,0.11672179828109987,0.8547354178479842,0.7477218267589191,-1.0,0.29368923928573265,0.0,0.0,1.1054545581079163,1.084942354722012
1,0.0011,-0.0001,100.0,0.0,0.9878528573119145,0.5886319578249678,-0.21576847995702206,-1.0,-1.0,0.3952931425589771,0.08557250995299198,-1.853736551634949,1.0,1.4981196848201523,1.2412140121831983,-0.24511577648410018,-0.7584136424415182,-0.3006164798866216,-1.0,0.29368923928573265,0.0,0.0,0.2267599093555378,-1.3588825382775316,0.0,0.369951990243323,-0.06287052378594749,0.571428402366295,-1.0,-1.0,-0.3849475798436278,0.15189120517372343,-0.9972510284123448,1.0,0.5276958889814518,0.6990475551266633,-0.317483291443722,-0.20677006895205094,0.38610677792543824,-1.0,-0.8443565629465137,0.0,0.0,0.1854095729436698,-0.2606194658388052,0.0,0.37674210966142163,-0.018700864015730827,0.5651600794811898,-1.0,-1.0,-0.6577924950396391,0.08557250995299198,-0.748669305360273,1.0,0.8049598306496519,0.6747714451092272,-0.24511577648410018,-0.5322272113979144,0.69098822428163,-1.0,-0.8443565629465137,0.0,0.0,0.2267599093555378,-0.8951973855484427,0.0,0.5425301166112608,0.4790073088649103,0.6138468530878577,0.0,0.0,0.808465418165523,0.9701588725466457,0.6462371033589086,0.0,0.8573342040490306,0.30664441717193447,1.153348400986335,0.8577020268686183,1.135801440664993,0.0,0.7197633633294869,0.0,0.0,0.8023457147625619,1.2329887120196643,0.0,0.06779167612731887,-0.1064880628090493,0.2760336864048868,-1.0,-1.0,0.08654758062673154,-0.345499009016444,-0.49915306455238834,1.0,0.16131139463419136,0.2661235931487292,-0.42603456387657285,0.045176483404748294,0.05754521923086706,-1.0,-0.5029428222768398,0.0,0.0,0.5368874324446138,-0.00777982595449418,0.0,0.1900138256573402,-0.12498410783784837,0.45938213079475054,-1.0,-1.0,0.2038230266319683,-0.41181770424019115,-0.6260138499070264,1.0,0.01277714016910017,0.41178025325343837,-0.06419698910150015,0.2264397760604178,0.022518386397064757,-1.0,-0.8443565629465137,0.0,0.0,0.7436391145039978,-0.3396500799203169,0.0,0.7546584664981787,0.6594605643741204,0.7132303069250283,0.0,0.0,0.8637701904860768,0.9026410524474254,0.8408516628324207,0.0,0.7974259268993483,1.0287474042361033,1.0266244521082386,0.7040904220266906,0.9879635340807122,0.0,0.7287048659582007,0.0,0.0,0.699603212180806,1.1689935798933404,1.0,-0.34094611528815766,-0.4360892266404474,-0.25144638931290714,1.0,1.0,0.2819042277220525,-0.4747663551396865,-0.25922963034212876,1.0,-0.32422625400213545,-0.3032033426181334,-0.4,0.07116656989882747,-0.25867617916376184,1.0,0.0,1.0,1.0,-0.2552456839309455,0.09714004792170994,0.0,0.8350751703992914,0.5403213924512894,0.6539613203537408,-1.0,-1.0,0.9457697258492803,0.25136924801236,0.41830974223854234,1.0,1.0525169214248156,0.9984529120086063,0.11672179828109987,0.7589203324754317,0.7477218267589191,-1.0,0.29368923928573265,0.0,0.0,1.1054545581079163,1.084942354722012
1,0.0038,-0.0002,100.0,0.0,1.2934082311371609,-0.6481185157415252,-0.607538660277194,-1.0,-1.0,0.6585645519586991,0.08557250995299198,1.092330673634308,1.0,0.5078913217194274,0.3106297948472242,1.9259096721564635,-1.3018893725879117,0.06938527540006559,-1.0,0.29368923928573265,0.0,0.0,-0.18674345476321558,0.6824986372590861,0.0,0.6279765281401033,-0.12967713418842494,0.12428803656087484,-1.0,-1.0,-0.09774240595310109,-0.17970227095104424,-0.446352811347711,1.0,0.4682821871954069,0.6100351517293052,-0.24511577648739108,-0.6446921312780007,0.2617861881491254,-1.0,-0.3891382420536152,0.0,0.0,0.3714860867971198,0.05491973872270055,0.0,0.9199516631286122,-0.018700864015730827,0.202119712384471,-1.0,-1.0,0.3952931425589771,0.08557250995299198,-0.5033583944537797,1.0,0.5078913217194274,0.47247052829725883,-0.24511577648410018,-0.7584136424415182,0.06938527540006559,-1.0,-0.8443565629465137,0.0,0.0,0.2267599093555378,0.05258673166494989,0.0,0.6094486804795025,0.5299680480557392,0.48117402878391,0.0,0.0,0.8706891681047553,0.5704949876121089,0.9481471344177157,0.0,0.846283247488377,0.34005815320420546,1.2741615825414512,0.737666712510471,1.1296288179487457,0.0,0.5575263038770681,0.0,0.0,0.5454483989520184,1.2320928124107347,0.0,0.2918656169324481,-0.04382235801003354,0.15510729074606341,-1.0,-1.0,0.021926416501330426,-0.3123396614030624,-0.45102540012690256,1.0,0.2900410818372863,0.30658377651112284,-0.24511577648903646,-0.12823311372863375,0.1833458160283407,-1.0,-0.38913824205361525,0.0,0.0,0.43351159141492185,0.1135365410488213,0.0,0.4955691994823937,-0.12498410783784837,0.2778619472463911,-1.0,-1.0,0.2038230266319683,-0.41181770424019115,-0.6260138499070264,1.0,0.40886848540937604,0.41178025325343837,-0.06419698910150015,-0.09242026214673216,0.04965184845144519,-1.0,-0.27533366183039054,0.0,0.0,0.5885753529594562,-0.13988635059994808,0.0,0.7526396371598826,0.5690413268646265,0.7493575810353409,0.0,0.0,0.7913502975397779,0.9117313225809849,0.9136417878767407,0.0,0.7367724913831402,1.02172177674286,1.242952887325744,0.7950797727472294,0.897199657399091,0.0,0.7548941840486735,0.0,0.0,0.7221525794591384,1.1713820344599533,1.0,-0.1019612711022209,-0.4876906412666435,-0.44120213453008617,1.0,1.0,-0.19006226198393475,0.08648648648642003,0.17271283775747967,1.0,-0.23570646221248645,-0.18369195922967016,0.0967741935466315,-0.2953450749898332,-0.1746530665181543,1.0,-0.4,1.0,1.0,0.13304597701148388,0.379554972320221,0.0,0.9539022602202634,0.5403213924512894,0.6539613203537408,-1.0,-1.0,0.6585645519586991,0.25136924801236,0.5257792841595651,1.0,1.0525169214248156,0.9984529120086063,0.8403969478279545,0.7589203324754317,0.7477218267589191,-1.0,0.29368923928573265,0.0,0.0,1.1054545581079163,1.3474056487195862
1,0.0012,0.0001,100.0,0.0,0.4446433038451099,-0.7916699099947733,0.6617967239601371,-1.0,-1.0,-1.7108781326385274,-1.5723948706859254,-0.6084916419849519,1.0,-0.48233704138129746,-2.2788219403482697,-0.6069533512657547,-0.6641692961733262,1.9588609057306547,-1.0,0.29368923928573265,0.0,0.0,-0.393495136822629,-0.061147362400706964,0.0,0.8045196330168437,-0.1252601682114058,0.12115387511831636,-1.0,-1.0,-0.5716309428725463,-0.577614442302575,-0.4183172786726467,1.0,0.4484776199333826,0.05977665800019958,-0.10038074657802014,-0.5121217508607876,0.2420527612004962,-1.0,-0.1615290816071659,0.0,0.0,0.06135856370803644,0.2654736256851767,0.0,0.9199516631286122,-0.018700864015730827,0.202119712384471,-1.0,-1.0,-0.6577924950396391,-0.24602096618082314,-0.5033583944537797,1.0,0.5078913217194274,0.35108997820961785,-0.24511577648410018,-0.6641692961733262,0.06938527540006559,-1.0,0.29368923928573265,0.0,0.0,-0.18674345476321558,0.05258673166494989,0.0,0.34596308122816244,0.5243100945946196,0.4775983984084085,0.0,0.0,0.9693145070904086,0.6955563435149091,0.940837788878521,0.0,0.8668882364980501,1.2157998980938478,1.1802784504986839,0.6584364463203523,1.0985201944315535,0.0,0.5575263038770681,0.0,0.0,0.4415007776174332,1.096894846338586,0.0,0.26131007954996205,-0.17219043171727194,0.3180836857592552,-1.0,-1.0,-0.19826421681479087,-0.37865835662831754,-0.5344311098351613,1.0,0.28013879820627413,0.06382267633653091,-0.3174832914437219,-0.23629996411608262,0.4660271570673574,-1.0,-0.27533366183039054,0.0,0.0,0.2577726616644461,0.09166459988235683,0.0,0.41069270675326575,-0.27267640769455187,0.45938213079475054,-1.0,-1.0,-0.11928279399490152,-0.41181770424019115,-0.6785804736726124,1.0,0.40886848540937604,0.41178025325343837,-0.42603456387492744,-0.37672404005552595,0.36292000126079943,-1.0,0.29368923928573265,0.0,0.0,0.3818236709000795,-0.1967533976327765,0.0,0.7394998074812211,0.5783991227598703,0.6591807491437356,0.0,0.0,0.9252064043179323,0.9746817822540542,0.8857126211914401,0.0,0.7463589693436523,1.2848831823079316,1.240844399145664,0.7870977257262483,0.9642515502364417,0.0,0.7634243325898756,0.0,0.0,0.6873521782354645,1.1723971267702809,1.0,0.3515408320493011,-0.1919607095174486,-0.24530479927271076,1.0,1.0,-0.23356094230113178,0.3636363636340335,0.0719139202316269,1.0,0.2685803757828815,-0.07130326924778144,0.17894736842048578,-0.43878457103421814,-0.4610711779084684,1.0,-0.4,1.0,1.0,-0.3035087719298429,0.13265014730580205,0.0,0.9539022602202634,0.41609422434750015,0.6696321275665333,-1.0,-1.0,0.6585645519586991,0.25136924801236,0.3038313171488171,1.0,1.0525169214248156,0.9984529120086063,0.8403969478279545,0.7589203324754317,1.3816581674834314,-1.0,0.29368923928573265,0.0,0.0,0.9503907965633746,1.3474056487195862
1,0.0009,-0.0000,100.0,0.0,-0.6757264001805364,0.5140956569627068,-1.6809889543544985,-1.0,-1.0,2.2142592438661723,-0.24602096618082314,0.702169510573217,1.0,-1.1754968955517977,0.1083288780352559,0.11672179828109987,-0.01074182871427996,-0.2167494153549959,-1.0,1.431735041517979,0.0,0.0,1.2605183196524579,-1.7642425145626461,0.0,0.4853840203550141,-0.07115233499287095,-0.3280759316488213,-1.0,-1.0,0.1798892621411364,-0.5776144423025749,-0.2342172807732311,1.0,-0.04663656161697283,-0.05351185541459473,-0.10038074657802017,-0.6534882702629901,0.037811792282255466,-1.0,0.29368923928573265,0.0,0.0,0.3508109185911711,-0.48983740926336966,0.0,0.4446433038451099,-0.018700864015730827,-0.21576847995702206,-1.0,-1.0,0.3952931425589771,-0.24602096618082314,-0.5033583944537797,1.0,-0.48233704138129746,0.3106297948472242,-0.24511577648410018,-0.6641692961733262,-0.2167494153549959,-1.0,0.29368923928573265,0.0,0.0,0.2267599093555378,-0.061147362400706964,0.0,0.6733525579872803,0.5714223012027354,0.7977520069142718,0.0,0.0,1.318400709556868,0.6955563435149092,1.0461272010207021,0.0,0.9427473278303098,1.1790516744032418,1.1802784504986839,0.41457801197315863,1.0695198826711687,0.0,0.7197633633294869,0.0,0.0,0.6216318626251722,0.9199694255346685,0.0,0.32242115431497276,-0.2158079707403738,0.08693927937035018,-1.0,-1.0,0.048253557441302594,-0.3123396614030624,-0.3851418983405484,1.0,0.12170226011015675,-0.08588000210446362,-0.2089320190125165,-0.2410121814294779,0.4413603733815753,-1.0,-0.1615290816071659,0.0,0.0,0.27844782987038746,-0.05152370828742321,0.0,0.41069270675326575,-0.27267640769455187,0.2778619472463911,-1.0,-1.0,0.2038230266319683,-0.24602096618082314,-0.5559250182193658,1.0,0.01277714016910017,0.330859886528421,-0.06419698910150015,-0.37672404005552595,0.36292000126079943,-1.0,0.29368923928573265,0.0,0.0,0.3818236709000795,-0.2040440446882474,0.0,0.6255023217189328,0.5037359803375334,0.8780450300769398,0.0,0.0,1.1734502865738772,0.9587582548812174,0.9531784487132131,0.0,0.8614986758976185,1.1794403697170124,1.2265172997768363,0.7855907439816878,0.9781471789957235,0.0,0.9104366417857972,0.0,0.0,0.7135928803138474,1.2963300563408704,1.0,-0.25539963392310217,0.21336613327857012,0.11718388241951166,1.0,1.0,0.23266543633004022,0.36363636363403345,-0.2587329979846247,1.0,-0.33998234774933994,-0.09938765897309769,0.11127819548973981,-0.07998327958913247,-0.4416175171448818,1.0,0.0,1.0,1.0,-0.2495575221239014,0.31666740356363277,0.0,0.9539022602202634,0.37882607391636963,0.6696321275665333,-1.0,-1.0,0.9457697258492803,0.25136924801236,0.7640813118973561,1.0,1.0525169214248156,0.7152316284716208,0.8403969478279545,0.7589203324754317,1.3816581674834314,-1.0,0.29368923928573265,0.0,0.0,1.0020787170782461,1.3474056487195862
1,-0.0006,-0.0001,100.0,0.0,0.0032855416532588107,2.385784989726268,-0.35941754607440657,-1.0,-1.0,-2.0938183644925448,0.7487594622055431,-1.3397517859260049,1.0,-0.18526853245107294,0.35108997820961785,2.2877472469216635,-0.09556174035573857,-0.42395039831548814,-1.0,1.431735041517979,0.0,0.0,-0.393495136822629,0.5250206608605003,0.0,0.41069270675338154,0.40974483575552884,-0.4403833833405968,-1.0,-1.0,-0.10731591174944474,-0.1797022709510443,-0.4014959590676762,1.0,0.032581707431082275,-0.05351185541459471,0.6956619179218745,-0.5661551760545549,0.21738597751472294,-1.0,0.7489075601786312,0.0,0.0,0.10270890011990441,-0.3953506234242597,0.0,0.4446433038451099,0.5140956569627068,-0.35941754607440657,-1.0,-1.0,0.3952931425589771,0.08557250995299198,-0.6084916419849519,1.0,-0.18526853245107294,0.3106297948472242,0.11672179828109987,-0.6641692961733262,-0.2167494153549959,-1.0,0.29368923928573265,0.0,0.0,-0.18674345476321558,-0.061147362400706964,0.0,0.7013900845477892,1.141060616109455,0.7535053257932772,0.0,0.0,1.5966529829835512,0.7676943995362718,1.1385753752411423,0.0,0.9105794582006413,1.1790516744032418,1.180278450498684,0.4728249277936291,0.8857484479930092,0.0,0.5575263038770681,0.0,0.0,0.6216318626251722,0.9922492539614864,0.0,0.35297669169749735,0.09144722503629729,0.015637106552078384,-1.0,-1.0,-0.284425768981938,-0.17970227095255217,-0.43140052725436606,1.0,0.1712136782651894,-0.04137380040583059,0.008170525851539833,-0.22844626859373798,0.33331986083787324,-1.0,-0.04772450138394126,0.0,0.0,0.18540957294366245,-0.22679086350135808,0.0,0.41069270675326575,-0.12498410783784837,-0.006824383786275534,-1.0,-1.0,-0.3227197921673398,-0.08022422811391558,-0.5559250182193658,1.0,0.11179997647915155,0.35108997820961785,-0.06419698910150015,-0.3138944758768265,0.04225181334568515,-1.0,0.29368923928573265,0.0,0.0,0.020008227296161113,-0.2040440446882474,0.0,0.6012323882477824,0.902215350144313,0.8824349831693521,0.0,0.0,1.2588887110522757,1.0035839666075197,0.9865741614024929,0.0,0.827537107460832,1.186670346807563,1.438730991703517,0.7868108593170644,1.0076452086359573,0.0,1.0242412220090218,0.0,0.0,0.7341868384911282,1.0679272912692814,1.0,-0.4011246485472821,-0.3182308272581399,-0.10292626429131567,1.0,1.0,-0.02781772424950341,0.07761194029867462,-0.4635122203273375,1.0,-0.45203405865657453,0.05134243994349278,0.35939849624093695,-0.40526720980899666,0.08152477385251221,1.0,-0.4,1.0,1.0,0.14867256637167903,0.4694474408525167,0.0,0.9539022602202634,0.5513638073938373,0.6696321275665333,-1.0,-1.0,0.6585645519586991,0.5829627241386356,0.7640813118973561,1.0,1.0525169214248156,0.7152316284716208,1.7449908847656364,0.7589203324754317,1.3816581674834314,-1.0,0.8627121404018558,0.0,0.0,1.0020787170782461,0.6037596490597932
1,0.0028,-0.0003,100.0,0.0,-0.23436863798868532,-0.8882910407421301,-0.3385231364573497,-1.0,-1.0,-0.9210639044393613,2.0751333667106455,-1.227609655225918,1.0,0.6069141580294788,1.160293645458411,0.8403969478279544,-0.7395647731880512,-0.7544852997049345,-1.0,1.431735041517979,0.0,0.0,-0.18674345476321558,-0.01740348006777796,0.0,0.16624840769326155,0.11436023604210929,-0.46493431464066237,-1.0,-1.0,-0.37058732114911236,0.21820990040048643,-0.27627057978586994,1.0,-0.1456593979270524,-0.06969592875955222,0.9127644627842854,-0.5623854022038616,0.1266122135510604,-1.0,0.9765167206250804,0.0,0.0,0.020008227296153747,-0.12705481178230893,0.0,0.0032855416532588107,-0.6481185157415252,-0.35941754607440657,-1.0,-1.0,-0.9210639044393613,0.08557250995299198,-0.6084916419849519,1.0,-0.18526853245107294,0.3106297948472242,0.8403969478279544,-0.6641692961733262,-0.2167494153549959,-1.0,1.431735041517979,0.0,0.0,-0.18674345476321558,-0.01740348006777796,0.0,0.6699202155305515,1.2431196944521408,0.7477648419026887,0.0,0.0,1.6005945457516084,1.197415217736425,0.9976796627902432,0.0,0.6586321417800884,1.1615948824902746,1.0830977875722292,0.4713498862249487,0.9547522629562295,0.0,0.5575263038770683,0.0,0.0,0.6271089011617845,0.869175470137426,0.0,0.2681001989682923,0.025744856128080883,0.05324704386281631,-1.0,-1.0,-0.37776745049637006,0.18505055278710492,-0.6367608040991074,1.0,0.1910182455271997,0.31467581318355553,0.2976405856702816,-0.3845777355779562,0.2563594957382493,-1.0,0.06608007883928338,0.0,0.0,0.10270890011991178,-0.19383713881055706,0.0,0.1900138256573402,-0.16639316387243433,-0.006824383786275534,-1.0,-1.0,-0.7176269062667868,0.08557250995299198,-0.6785804736726124,1.0,0.16131139463417724,0.41178025325343837,0.11672179828109987,-0.5981982537856203,-0.07368206997746515,-1.0,0.29368923928573265,0.0,0.0,-0.18674345476321558,-0.039275421234242464,0.0,0.618012781978898,0.9461765025076987,0.8581911379269308,0.0,0.0,1.2679949409942926,1.09023174745465,0.9145746298016862,0.0,0.8353208685355671,0.9324207048374323,1.2767278723152247,0.7145119364855657,1.0571815148560437,0.0,1.1150526077541363,0.0,0.0,0.7248113625231023,1.0687953312639287,1.0,-0.13155948222721456,-0.10657555291401008,0.045563349284070895,1.0,1.0,-0.08085144441461567,-0.47361963190135176,-0.2289466007044934,1.0,-0.12875226039782678,-0.3790352324565958,0.256250000000977,-0.2945338180473921,-0.3472940558297918,1.0,-0.3999999999999999,1.0,1.0,0.08695652173912682,0.14166535330602167,0.0,0.9539022602202634,0.5513638073938373,0.6696321275665333,-1.0,-1.0,0.6585645519586991,1.2461496763911866,0.24191951582467802,1.0,1.0525169214248156,0.9579927286462127,1.7449908847656364,0.3426744697912261,1.3816581674834314,-1.0,1.431735041517979,0.0,0.0,1.0020787170782461,0.6037596490597932
1,0.0047,-0.0005,100.0,0.0,0.5464950951200634,-0.6536397232127992,1.709129006016061,-1.0,-1.0,1.0654385483038478,1.0803529383242791,1.0222418419468597,1.0,0.21082281278920292,-0.0939720387767124,0.47855937306275437,-0.5919152973678932,-1.040619990459996,-1.0,-0.8443565629465137,0.0,0.0,-2.1508844343273124,-0.682310491528278,0.0,0.016865780489842087,0.11325599454785451,-0.001600781382011318,-1.0,-1.0,-0.2892125218800827,0.41716598607474376,-0.2902883461233596,1.0,-0.2050730997130973,-0.15061629548433952,0.6232944029655434,-0.4203905871598579,-0.09538883962095195,-1.0,0.7489075601786311,0.0,0.0,-0.3728199686166656,-0.4000166375397818,0.0,0.0032855416532588107,-0.6536397232127992,-0.3385231364573497,-1.0,-1.0,-0.9210639044393613,0.7487594622055431,-0.6084916419849519,1.0,-0.18526853245107294,0.1083288780352559,0.47855937306275437,-0.5919152973678932,-0.42395039831548814,-1.0,1.431735041517979,0.0,0.0,-0.393495136822629,-0.061147362400706964,0.0,0.44866198970817606,1.2437987672788184,1.1338947747961055,0.0,0.0,1.660085656192802,1.2407091793563456,0.9786629836048487,0.0,0.6084870704519931,1.1462734839351516,0.9600635764602515,0.30464629694748663,1.06494067212058,0.0,0.9104366417857971,0.0,0.0,1.083031541767583,0.7820129514111839,0.0,0.32242115431497276,-0.008210569820285219,0.06134362758943177,-1.0,-1.0,-0.1934774639165919,0.11873185756184979,-0.36832057873553525,1.0,0.13160454374115477,0.22970942812248288,0.18908931323907624,-0.5325413592189292,0.08319867426408674,-1.0,0.179884659062508,0.0,0.0,-6.669409097728618E-4,-0.1725484494085406,0.0,0.41069270675326575,-0.333409689878628,-0.006824383786275534,-1.0,-1.0,-0.13124967624033101,0.08557250995299198,-0.5559250182193658,1.0,0.01277714016906499,0.35108997820961785,0.11672179828109987,-0.6280422967706096,-0.25868294762080873,-1.0,0.29368923928573265,0.0,0.0,-0.18674345476321558,-0.039275421234242464,0.0,0.6162197043644162,0.963693353189467,0.8732610730839828,0.0,0.0,1.3289684751713604,1.0106803789408743,0.966680475295677,0.0,0.8102948602485824,0.9270592644506583,1.208775812373602,0.5753768922787539,1.1121930816427943,0.0,0.9453318417916122,0.0,0.0,0.9347371364307728,1.0566646837555527,1.0,-0.47123224919834455,0.07742856388451873,-0.48167550933786246,1.0,1.0,0.311305663640297,-0.48571428571421155,0.33429129071210695,1.0,-0.33961864406779807,-0.4224259942190705,-0.04204545454578636,0.016254795709093512,-0.21854094524552323,1.0,-0.3375,1.0,1.0,-0.4958454810495641,0.1683503421605737,0.0,0.9539022602202634,0.5513638073938373,0.6696321275665333,-1.0,-1.0,0.8620015501312734,0.9145562002649111,0.8622056762600383,1.0,0.953494085114729,0.917532545283819,1.3831533099922089,-0.05315178453500927,1.3816581674834314,-1.0,1.431735041517979,0.0,0.0,1.0020787170782461,0.6037596490597932
1,-0.0007,0.0001,100.0,0.0,-0.8115287885471411,0.27668373569773896,-0.3176287268402929,-1.0,-1.0,0.4910282005226855,1.4119464144580942,-0.6902619456205912,1.0,0.30984564909932466,-0.6199544224882899,-1.3306285008126093,-1.18251320064824,1.6480594312898726,-1.0,0.29368923928573265,0.0,0.0,-1.1171260240304657,0.40837030797275864,0.0,-0.23436863798860813,0.3269267236863569,-0.1974858715420973,-1.0,-1.0,0.1511687447521599,1.0140342431035478,-0.3066424068504875,1.0,-0.04663656161697287,0.18115720808765648,0.4785593730561725,-0.5240593680548405,-0.15754913450910832,-1.0,0.7489075601786312,0.0,0.0,-0.517546146058233,-0.3061131034650887,0.0,-0.23436863798868532,0.27668373569773896,-0.3385231364573497,-1.0,-1.0,0.4910282005226855,1.0803529383242791,-0.6902619456205912,1.0,0.21082281278920292,0.1083288780352559,0.47855937306275437,-0.5919152973678932,-0.42395039831548814,-1.0,1.431735041517979,0.0,0.0,-0.393495136822629,-0.01740348006777796,0.0,0.48869994729393507,1.1588544946483754,1.0859566631344757,0.0,0.0,1.509793767742121,0.7676943995357508,0.9845094660467192,0.0,0.618714460158478,0.5848701090209423,1.166891116337048,0.4316743146354459,0.9456049409182519,0.0,0.9104366417857972,0.0,0.0,1.1237101327013483,0.842886585532998,0.0,0.2850754975141178,0.10083327773747555,-0.03816599821189047,-1.0,-1.0,-0.21023109906019322,0.2182099004004864,-0.36247984276156703,1.0,0.20092052915820488,0.12046693304392804,0.18908931323907618,-0.518090559457814,0.042251813345693924,-1.0,0.29368923928573265,0.0,0.0,-0.22809379117509826,-0.020319738889955984,0.0,0.41069270675326575,0.11242781342715086,-0.2666986033986575,-1.0,-1.0,-0.13124967624033101,0.08557250995299198,-0.5559250182193658,1.0,0.2603342309442638,0.330859886528421,0.11672179828109987,-0.6280422967706096,-0.25868294762080873,-1.0,0.29368923928573265,0.0,0.0,-0.18674345476321558,0.017591625798585968,0.0,0.6701352519731847,0.9273837683674003,0.8538640841622126,0.0,0.0,1.3191412981527146,1.0816251862267046,0.9645388204255099,0.0,0.7927394982508553,0.9559312359163044,1.208775812373602,0.5567551172243915,1.0442117025273905,0.0,0.88152648785335,0.0,0.0,0.9014468177511261,1.019066188838089,1.0,-0.40347490347496956,-0.04273816668648395,-0.47638593243868893,1.0,1.0,0.09855253106027098,-0.06417910447525156,0.3584006772079738,1.0,-0.177663934426226,-0.06787901990800867,-0.48076923076958067,-0.34020921689829525,-0.09589652581953641,1.0,-0.33749999999999997,1.0,1.0,-0.4717670954637724,0.32158863468777105,0.0,0.9539022602202634,0.5513638073938373,0.6134784017206635,-1.0,-1.0,0.8620015501312734,1.2461496763911866,0.8622056762600383,1.0,0.953494085114729,0.917532545283819,1.3831533099922089,-0.05315178453500927,1.2262574302630405,-1.0,1.431735041517979,0.0,0.0,0.5368874324446211,0.6037596490597932
1,0.0022,0.0005,100.0,0.0,-1.3207877449226804,2.37474257478372,-0.061672209031109114,-1.0,-1.0,-1.3997391942570871,0.7487594622055431,1.519872546928761,1.0,-2.5618166038927983,-0.5390340557635026,0.47855937306275437,1.220717629189373,1.5296588695980626,-1.0,0.29368923928573265,0.0,0.0,-1.530629388149219,-0.8427047267489487,0.0,-0.3633809069370369,0.6990561072505596,0.12637747752258058,-1.0,-1.0,-0.571630942872492,1.212990328780821,-0.14310179957937863,1.0,-0.323900503285173,0.051684621327904745,0.5509268880125033,-0.27776747647411,0.19173252248150335,-1.0,0.521298399732182,0.0,0.0,-1.0757756876185682,-0.12180554590234915,0.0,-0.23436863798868532,0.27668373569773896,-0.3176287268402929,-1.0,-1.0,-0.9210639044393613,1.0803529383242791,-0.6902619456205912,1.0,0.21082281278920292,-0.0939720387767124,0.47855937306275437,-0.5919152973678932,-0.42395039831548814,-1.0,0.29368923928573265,0.0,0.0,-1.1171260240304657,-0.01740348006777796,0.0,0.6475225349582402,1.426943226529784,0.7987159671503544,0.0,0.0,1.1776385006580485,0.4962836717419741,1.1858349112914568,0.0,1.1472982559762066,0.6542050075303376,1.1533484009879869,0.8257320345252115,1.1579310271139287,0.0,0.8516354964818722,0.0,0.0,0.7239261865007557,0.5557394699235184,0.0,0.061001556708988616,0.3139518861288443,-0.10084922706312038,-1.0,-1.0,-0.19587084036567778,0.3176879432391231,-0.18865954017630487,1.0,-0.18526853245107291,-9.13617043344983E-4,0.22527307071724162,-0.46562787336855005,0.11477215738187937,-1.0,0.40749381950895736,0.0,0.0,-0.36248238451369863,-0.3058214775828595,0.0,0.1900138256573402,0.12899143584100406,-0.2666986033986575,-1.0,-1.0,-0.13124967624033101,0.4171659860792676,-0.5559250182193658,1.0,0.01277714016906499,0.20947933644124006,0.29764058567192714,-0.6280422967706096,-0.25868294762080873,-1.0,0.29368923928573265,0.0,0.0,-0.2901192957929223,-0.039275421234242464,0.0,0.7851401312910006,1.1531047091011695,0.8299456040218627,0.0,0.0,1.3052593953816327,1.0800992623261152,1.1190928408781862,0.0,1.0591278154623096,0.9549031867551743,1.2114806173049308,0.6798129810085398,1.1172562012749365,0.0,0.7966320615625724,0.0,0.0,0.9818528323126839,0.7819571051451459,1.0,-0.13729931823177752,-0.3312423647208143,0.09502994011976118,1.0,1.0,-0.19154412979545216,-0.39999999999918795,-0.16338300906239644,1.0,-0.3031585220500511,-0.3999999999999583,-0.49448818897623276,-0.251335954099927,-0.3225833058636009,1.0,-0.1142857142857143,1.0,1.0,-0.1650897226753832,0.17333425856168272,0.0,0.767173976215989,1.4816872663043439,0.43195821817230406,-1.0,-1.0,0.8620015501312734,1.2461496763911866,1.057286257790584,1.0,0.5574027398744531,0.7556918118340143,1.3831533099922089,-0.05315178453500927,1.5888591504439677,-1.0,1.431735041517979,0.0,0.0,0.5368874324446211,0.46669548441662945
1,0.0014,0.0001,100.0,0.0,-1.2528865507389921,0.41471392247971306,-0.8922249913098904,-1.0,-1.0,0.01235291070495953,1.0803529383242791,-0.687925651230953,1.0,1.1020283395798764,1.6862760291699885,0.47855937306275437,0.667817464416246,0.25685283141198123,-1.0,0.29368923928573265,0.0,0.0,0.4335115914149512,-0.49566992690770506,0.0,-0.6146153254154871,0.30484189380124854,0.01981598847548378,-1.0,-1.0,-0.15039668783299112,1.2793090240045681,-0.01273657264036825,1.0,-0.0664411288789831,0.3187218315199789,0.18908931324072162,-0.12509163551971308,0.32789316842699723,-1.0,0.29368923928573265,0.0,0.0,-0.9103743419710522,-0.32594366345599024,0.0,-0.8115287885471411,0.27668373569773896,-0.3176287268402929,-1.0,-1.0,0.01235291070495953,1.0803529383242791,-0.687925651230953,1.0,0.30984564909932466,-0.0939720387767124,0.47855937306275437,-0.5919152973678932,0.25685283141198123,-1.0,0.29368923928573265,0.0,0.0,-1.1171260240304657,-0.49566992690770506,0.0,0.6982276859429756,1.1523547008912975,0.8870753531380482,0.0,0.0,0.9023251407079524,0.44979527506932837,1.0780453201715468,0.0,1.2856200087941385,0.9344112696360971,0.772673620078072,0.9114328666790817,1.116825671796472,0.0,0.7197633633294869,0.0,0.0,0.9269303029306555,0.45983918288722336,0.0,-0.10196130933105274,0.3572933647783887,-0.2102836974325565,-1.0,-1.0,-0.12885629979121796,0.5498033765267619,-0.2071162658540222,1.0,-0.01692971072395042,0.1326049880526921,0.442375615581298,-0.3456234057871339,0.27263957297086006,-1.0,0.5212983997321821,0.0,0.0,-0.403832720925574,-0.36064714344012494,0.0,-0.11554154816771325,0.345698829088726,-0.3280759316488213,-1.0,-1.0,0.2038230266319683,0.7487594622055431,-0.6482086466079524,1.0,0.2603342309442638,0.20947933644124006,0.47855937306275437,-0.6280422967706096,-0.07368206997746515,-1.0,0.29368923928573265,0.0,0.0,-0.2901192957929223,-0.278408644654206,0.0,0.8674958883286527,1.1479205111674091,0.8545655881948978,0.0,0.0,1.2970002668191476,0.9633346926063849,1.125633716560798,0.0,1.1150956276849666,1.0799458853527069,1.0291719112429298,0.7587956925946748,1.0094443555558985,0.0,0.6828274813393477,0.0,0.0,0.9377619065692314,0.7740863385797265,1.0,-0.414185738604073,-0.38782070647477884,-0.3841700694614024,1.0,1.0,0.28511847807730833,-0.3782608695604034,-0.4406766446929782,1.0,-0.1641196013288971,-0.29463026848656415,0.09122807017587951,-0.2882143125292979,-0.19298421980196587,1.0,0.0,1.0,1.0,-0.4925373134328336,-0.09359732554247095,0.0,0.767173976215989,1.4816872663043439,0.300062257464514,-1.0,-1.0,0.8620015501312734,1.2461496763911866,1.057286257790584,1.0,0.8544712488046776,1.2007538288208046,1.3831533099922089,0.328537817850983,1.5888591504439677,-1.0,1.431735041517979,0.0,0.0,0.3301357503852445,0.46669548441662945
1,-0.0025,0.0004,100.0,0.0,1.5989636049620215,0.01994758828324954,-0.14524984749939585,-1.0,-1.0,-0.10731591174933591,1.4119464144580942,-0.37486220302622497,1.0,0.9039826669597033,-0.7817951559383246,1.564072097374809,1.1893028470998803,-0.2463495557779484,-1.0,-0.8443565629465137,0.0,0.0,1.157142478622788,0.8108140254356847,0.0,-0.24794887682534567,0.4864896196063245,0.058470646267074586,-1.0,-1.0,0.01235291070501392,1.1466716335540579,0.15781291779957032,1.0,-0.007027427092938199,-0.06969592875936817,0.3338243431500926,0.2606818885378733,0.4295203172123944,-1.0,-0.1615290816071659,0.0,0.0,-0.6415971552938515,-0.16030016235529773,0.0,-0.8115287885471411,0.27668373569773896,-0.14524984749939585,-1.0,-1.0,0.01235291070495953,1.0803529383242791,-0.37486220302622497,1.0,0.30984564909932466,-0.5390340557635026,0.47855937306275437,0.667817464416246,0.25685283141198123,-1.0,0.29368923928573265,0.0,0.0,-1.1171260240304657,-0.49566992690770506,0.0,1.1419923136510208,1.0131363055092901,0.8747436538356247,0.0,0.0,0.8181007435717049,0.24814183587159147,0.9295903703958736,0.0,1.3217230493853083,0.9071025127604124,0.9323902072846906,0.975653515549455,1.033737788522181,0.0,0.5575263038770681,0.0,0.0,1.2398207285395975,0.6507061582306688,0.0,-0.04085023456604209,0.30042492782421687,-0.20323183418679389,-1.0,-1.0,-0.17911720522204921,0.6824407669772722,-0.05922883099314981,1.0,-0.0763434125099953,-0.0696959287594602,0.6232944029671891,-0.1508517568329941,0.2780662653817274,-1.0,0.4074938195089574,0.0,0.0,-0.31079446399884886,-0.1436774870688033,0.0,-0.11554154816771325,0.14831566199049426,-0.3280759316488213,-1.0,-1.0,-0.04748150052218819,0.9145562002649111,-0.4916769225055884,1.0,0.2603342309442638,0.007178419629271751,0.47855937306275437,-0.3437385188618159,-0.07368206997746515,-1.0,0.29368923928573265,0.0,0.0,-0.2901192957929223,-0.039275421234242464,0.0,0.9588324240621523,1.14913704303093,0.8547821638472771,0.0,0.0,1.2854013647706737,0.9814270653853402,0.9883615754661842,0.0,1.046507890350307,1.0421462564544022,1.0511988744156058,0.8697098309760425,1.006489532650644,0.0,0.7966320615625725,0.0,0.0,1.0366488928197515,0.7679313540008937,1.0,-0.28206179735554493,0.035017328989449766,-0.3901464903647344,1.0,1.0,-0.01711742553920727,0.2428571428627113,-0.06464995591131699,1.0,0.06070947462954707,0.08487983447403605,-0.46626506023948516,-0.35451291923331457,-0.10662943663000055,1.0,-0.4,1.0,1.0,-0.3224137931034532,0.34354211524247047,0.0,0.9199516631286122,1.4444191158732134,0.300062257464514,-1.0,-1.0,0.8620015501312734,1.4119464144580942,1.057286257790584,1.0,0.755448412494591,0.7556918118340143,1.7449908847656364,0.9285601557580632,1.5888591504439677,-1.0,1.431735041517979,0.0,0.0,0.7953270350188696,0.6037596490597932
1,-0.0006,0.0004,100.0,0.0,0.886001066036961,-1.2223240927545174,-0.6832808951390844,-1.0,-1.0,0.6585645519586991,1.0803529383242791,1.7161212756541255,1.0,-0.7794055503115219,-0.7413349725759308,0.11672179828109987,-0.2809089546831164,-0.6706182351733088,-1.0,1.431735041517979,0.0,0.0,-1.737381070208559,-0.6968917856392199,0.0,-0.18004768264196627,0.3727527456979808,-0.42001133396395457,-1.0,-1.0,-0.06902188856401578,1.146671633554058,0.29658880454102354,1.0,-0.20507309971308318,-0.1991685155192119,0.2614568281937617,0.3228831570748286,0.503520668269732,-1.0,0.29368923928573265,0.0,0.0,-0.5588964824701008,-0.16321642117748608,0.0,-0.8115287885471411,0.27668373569773896,-0.3176287268402929,-1.0,-1.0,0.01235291070495953,1.0803529383242791,-0.37486220302622497,1.0,0.30984564909932466,-0.6199544224882899,0.47855937306275437,0.667817464416246,0.25685283141198123,-1.0,0.29368923928573265,0.0,0.0,-1.1171260240304657,-0.49566992690770506,0.0,1.1960251343253152,1.1565202004693331,0.31833303352579034,0.0,0.0,0.7241456992287323,0.2481418358715915,1.0867828783355233,0.0,1.3481660055330067,0.9466645409363443,0.9323902072846906,0.9280681659262333,0.9343105615921122,0.0,0.7197633633294869,0.0,0.0,1.1466799453804328,0.6530674981017174,0.0,-0.08159095107606207,0.24300437012291765,-0.21080605767298294,-1.0,-1.0,-0.17911720522204927,0.7819188098144008,0.003150229208831945,1.0,-0.20507309971309023,-0.17489240550177573,0.4423756155796525,-0.048753715042514634,0.20406591432439,-1.0,0.5212983997321821,0.0,0.0,-0.46585822554338324,-0.28161652935863396,0.0,-0.11554154816771325,0.14831566199049426,-0.3280759316488213,-1.0,-1.0,-0.04748150052218819,1.0803529383242791,-0.4916769225055884,1.0,0.01277714016906499,-0.3165030472701075,0.47855937306275437,-0.18823534751942747,-0.23154948556647215,-1.0,0.29368923928573265,0.0,0.0,-0.393495136822629,-0.278408644654206,0.0,0.9086146484973894,1.207941147056981,0.8586579574544239,0.0,0.0,1.2854013647706737,0.9661839584936521,1.0749629424095424,0.0,1.045898678979487,1.0514978155170382,0.9634668610659113,0.7843302290119335,1.045557545035215,0.0,0.8516354964818721,0.0,0.0,1.1191837320353313,0.7300953994123927,1.0,-0.3270934055308633,-0.47242495750634744,-0.13067229606012282,1.0,1.0,-0.3774534650003773,0.3142857142940667,0.4062516244071178,1.0,0.21178247734139719,0.09583516001752114,-0.48433734939690387,-0.4287444245431876,-0.472676986215818,1.0,0.0,1.0,1.0,0.028478543563059303,0.43112552144401733,0.0,0.7162480805785123,1.4444191158732134,0.300062257464514,-1.0,-1.0,0.8620015501312734,1.4119464144580942,1.2710571944378104,1.0,0.755448412494591,0.7556918118340143,1.2022345226013817,0.9285601557580632,1.5888591504439677,-1.0,1.431735041517979,0.0,0.0,0.7953270350188696,0.46669548441662945
