769,2000-08-09 00:00:00 PDT,10.2899,57.922,0,0.81
770,2000-08-09 00:15:00 PDT,10.982,57.6126,0,0.82031
771,2000-08-09 00:30:00 PDT,11.4363,57.3595,0,0.82875
772,2000-08-09 00:45:00 PDT,11.653,57.1626,0,0.83531
773,2000-08-09 01:00:00 PDT,11.6321,57.022,0,0.84
774,2000-08-09 01:15:00 PDT,10.9959,57.1232,0,0.83719
775,2000-08-09 01:30:00 PDT,10.3738,57.157,0,0.83625
776,2000-08-09 01:45:00 PDT,9.76563,57.1232,0,0.83719
777,2000-08-09 02:00:00 PDT,9.17144,57.022,0,0.84
778,2000-08-09 02:15:00 PDT,8.19278,56.5495,0,0.85594
779,2000-08-09 02:30:00 PDT,7.49374,56.212,0,0.86625
780,2000-08-09 02:45:00 PDT,7.07431,56.0095,0,0.87094
781,2000-08-09 03:00:00 PDT,6.9345,55.942,0,0.87
782,2000-08-09 03:15:00 PDT,7.59859,56.3132,0,0.84938
783,2000-08-09 03:30:00 PDT,8.19278,56.617,0,0.8325
784,2000-08-09 03:45:00 PDT,8.71706,56.8532,0,0.81938
785,2000-08-09 04:00:00 PDT,9.17144,57.022,0,0.81
786,2000-08-09 04:15:00 PDT,9.43008,56.8364,0,0.81563
787,2000-08-09 04:30:00 PDT,9.70271,56.7745,0.18849,0.8175
788,2000-08-09 04:45:00 PDT,9.98932,56.8364,0.70973,0.81563
789,2000-08-09 05:00:00 PDT,10.2899,57.022,1.51563,0.81
790,2000-08-09 05:15:00 PDT,10.7513,57.6014,3.23812,0.79219
791,2000-08-09 05:30:00 PDT,11.1288,58.1245,4.82398,0.77625
792,2000-08-09 05:45:00 PDT,11.4224,58.5914,6.27322,0.76219
793,2000-08-09 06:00:00 PDT,11.6321,59.002,7.58584,0.75
794,2000-08-09 06:15:00 PDT,11.4224,59.1876,8.58638,0.74625
795,2000-08-09 06:30:00 PDT,11.3525,59.4295,9.56726,0.74
796,2000-08-09 06:45:00 PDT,11.4224,59.7276,10.5285,0.73125
797,2000-08-09 07:00:00 PDT,11.6321,60.082,11.47,0.72
798,2000-08-09 07:15:00 PDT,12.7366,60.577,11.5494,0.69781
799,2000-08-09 07:30:00 PDT,13.4775,61.072,12.1708,0.67875
800,2000-08-09 07:45:00 PDT,13.855,61.567,13.3342,0.66281
801,2000-08-09 08:00:00 PDT,13.869,62.062,15.0397,0.65
802,2000-08-09 08:15:00 PDT,12.3031,62.6582,18.7332,0.645
803,2000-08-09 08:30:00 PDT,11.1847,63.187,22.0049,0.64
804,2000-08-09 08:45:00 PDT,10.5136,63.6482,24.8546,0.635
805,2000-08-09 09:00:00 PDT,10.2899,64.042,27.2825,0.63
806,2000-08-09 09:15:00 PDT,11.5202,63.9632,26.8632,0.6325
807,2000-08-09 09:30:00 PDT,12.5268,64.087,27.6389,0.63
808,2000-08-09 09:45:00 PDT,13.3098,64.4132,29.6096,0.6225
809,2000-08-09 10:00:00 PDT,13.869,64.942,32.7751,0.61
810,2000-08-09 10:15:00 PDT,14.0787,66.2807,39.6408,0.5775
811,2000-08-09 10:30:00 PDT,14.1486,67.417,46.0313,0.55
812,2000-08-09 10:45:00 PDT,14.0787,68.3507,51.9466,0.5275
813,2000-08-09 11:00:00 PDT,13.869,69.082,57.3867,0.51
814,2000-08-09 11:15:00 PDT,12.8903,69.2057,63.0939,0.50781
815,2000-08-09 11:30:00 PDT,12.1913,69.397,67.8312,0.50375
816,2000-08-09 11:45:00 PDT,11.7719,69.6557,71.5984,0.49781
817,2000-08-09 12:00:00 PDT,11.6321,69.982,74.3955,0.49
818,2000-08-09 12:15:00 PDT,12.2962,70.6626,75.8012,0.47094
819,2000-08-09 12:30:00 PDT,12.8903,71.2195,76.5178,0.45625
820,2000-08-09 12:45:00 PDT,13.4146,71.6526,76.5454,0.44594
821,2000-08-09 13:00:00 PDT,13.869,71.962,75.884,0.44
822,2000-08-09 13:15:00 PDT,14.2535,71.8607,74.0268,0.44781
823,2000-08-09 13:30:00 PDT,14.568,71.827,71.8184,0.45375
824,2000-08-09 13:45:00 PDT,14.8127,71.8607,69.2588,0.45781
825,2000-08-09 14:00:00 PDT,14.9875,71.962,66.348,0.46
826,2000-08-09 14:15:00 PDT,15.0923,72.3332,62.6686,0.45656
827,2000-08-09 14:30:00 PDT,15.1273,72.637,58.9163,0.45375
828,2000-08-09 14:45:00 PDT,15.0923,72.8732,55.0909,0.45156
829,2000-08-09 15:00:00 PDT,14.9875,73.042,51.1926,0.45
830,2000-08-09 15:15:00 PDT,14.603,73.2276,47.0872,0.44906
831,2000-08-09 15:30:00 PDT,14.2884,73.2895,42.9983,0.44875
832,2000-08-09 15:45:00 PDT,14.0438,73.2276,38.9258,0.44906
833,2000-08-09 16:00:00 PDT,13.869,73.042,34.8697,0.45
834,2000-08-09 16:15:00 PDT,14.3094,72.6482,30.6089,0.44688
835,2000-08-09 16:30:00 PDT,14.4562,72.187,26.5121,0.4475
836,2000-08-09 16:45:00 PDT,14.3094,71.6582,22.5792,0.45188
837,2000-08-09 17:00:00 PDT,13.869,71.062,18.8104,0.46
838,2000-08-09 17:15:00 PDT,12.4639,70.6682,14.6437,0.46813
839,2000-08-09 17:30:00 PDT,11.2126,70.027,11.0156,0.4825
840,2000-08-09 17:45:00 PDT,10.1151,69.1382,7.92606,0.50313
841,2000-08-09 18:00:00 PDT,9.17144,68.002,5.37514,0.53
842,2000-08-09 18:15:00 PDT,8.29764,65.5889,3.77131,0.58656
843,2000-08-09 18:30:00 PDT,7.63355,63.6145,2.43374,0.63375
844,2000-08-09 18:45:00 PDT,7.17917,62.0789,1.36245,0.67156
845,2000-08-09 19:00:00 PDT,6.9345,60.982,0.55742,0.7
846,2000-08-09 19:15:00 PDT,7.21412,61.2689,0.36581,0.69844
847,2000-08-09 19:30:00 PDT,7.49374,61.3645,0.20903,0.70125
848,2000-08-09 19:45:00 PDT,7.77335,61.2689,0.0871,0.70844
849,2000-08-09 20:00:00 PDT,8.05297,60.982,0,0.72
850,2000-08-09 20:15:00 PDT,8.75201,59.8289,0,0.75375
851,2000-08-09 20:30:00 PDT,9.17144,58.9345,0,0.78
852,2000-08-09 20:45:00 PDT,9.31125,58.2989,0,0.79875
853,2000-08-09 21:00:00 PDT,9.17144,57.922,0,0.81
854,2000-08-09 21:15:00 PDT,7.91316,58.5801,0,0.795
855,2000-08-09 21:30:00 PDT,6.9345,58.9795,0,0.785
856,2000-08-09 21:45:00 PDT,6.23546,59.1201,0,0.78
857,2000-08-09 22:00:00 PDT,5.81603,59.002,0,0.78
858,2000-08-09 22:15:00 PDT,6.30536,57.8489,0,0.79906
859,2000-08-09 22:30:00 PDT,6.65489,56.9545,0,0.81375
860,2000-08-09 22:45:00 PDT,6.8646,56.3189,0,0.82406
861,2000-08-09 23:00:00 PDT,6.9345,55.942,0,0.83
862,2000-08-09 23:15:00 PDT,6.65489,56.4989,0,0.8175
863,2000-08-09 23:30:00 PDT,6.37527,56.8645,0,0.81
864,2000-08-09 23:45:00 PDT,6.09565,57.0389,0,0.8075
865,2000-08-10 00:00:00 PDT,5.81603,57.022,0,0.81
866,2000-08-10 00:15:00 PDT,5.3267,56.527,0,0.825
867,2000-08-10 00:30:00 PDT,4.97718,56.032,0,0.84
868,2000-08-10 00:45:00 PDT,4.76747,55.537,0,0.855
869,2000-08-10 01:00:00 PDT,4.69757,55.042,0,0.87
870,2000-08-10 01:15:00 PDT,5.1869,54.3614,0,0.89344
871,2000-08-10 01:30:00 PDT,5.53642,53.8045,0,0.91125
872,2000-08-10 01:45:00 PDT,5.74613,53.3714,0,0.92344
873,2000-08-10 02:00:00 PDT,5.81603,53.062,0,0.93
874,2000-08-10 02:15:00 PDT,5.22185,52.9776,0,0.92344
875,2000-08-10 02:30:00 PDT,4.83737,52.9495,0,0.91625
876,2000-08-10 02:45:00 PDT,4.66261,52.9776,0,0.90844
877,2000-08-10 03:00:00 PDT,4.69757,53.062,0,0.9
878,2000-08-10 03:15:00 PDT,5.36166,53.3714,0,0.88625
879,2000-08-10 03:30:00 PDT,5.95584,53.6245,0,0.875
880,2000-08-10 03:45:00 PDT,6.48012,53.8214,0,0.86625
881,2000-08-10 04:00:00 PDT,6.9345,53.962,0,0.86
882,2000-08-10 04:15:00 PDT,7.42383,53.8607,0.36395,0.86281
883,2000-08-10 04:30:00 PDT,7.77335,53.827,0.90808,0.86375
884,2000-08-10 04:45:00 PDT,7.98307,53.8607,1.6324,0.86281
885,2000-08-10 05:00:00 PDT,8.05297,53.962,2.53692,0.86
886,2000-08-10 05:15:00 PDT,7.56364,54.0632,3.43098,0.85438
887,2000-08-10 05:30:00 PDT,7.21412,54.277,4.63232,0.8475
888,2000-08-10 05:45:00 PDT,7.00441,54.6032,6.14095,0.83938
889,2000-08-10 06:00:00 PDT,6.9345,55.042,7.95685,0.83
890,2000-08-10 06:15:00 PDT,6.98344,55.9307,10.9385,0.81844
891,2000-08-10 06:30:00 PDT,7.18616,56.707,13.6552,0.80625
892,2000-08-10 06:45:00 PDT,7.54267,57.3707,16.1068,0.79344
893,2000-08-10 07:00:00 PDT,8.05297,57.922,18.2933,0.78
894,2000-08-10 07:15:00 PDT,9.72368,58.1076,19.0434,0.76406
895,2000-08-10 07:30:00 PDT,10.8771,58.3495,20.3093,0.74875
896,2000-08-10 07:45:00 PDT,11.5132,58.6476,22.0911,0.73406
897,2000-08-10 08:00:00 PDT,11.6321,59.002,24.3887,0.72
898,2000-08-10 08:15:00 PDT,9.80757,59.497,28.2166,0.70469
899,2000-08-10 08:30:00 PDT,8.41647,59.992,31.8839,0.69125
900,2000-08-10 08:45:00 PDT,7.45878,60.487,35.3909,0.67969
901,2000-08-10 09:00:00 PDT,6.9345,60.982,38.7374,0.67
902,2000-08-10 09:15:00 PDT,7.59859,61.3757,40.5728,0.66875
903,2000-08-10 09:30:00 PDT,8.19278,61.837,43.1482,0.665
904,2000-08-10 09:45:00 PDT,8.71706,62.3657,46.4635,0.65875
905,2000-08-10 10:00:00 PDT,9.17144,62.962,50.5187,0.65
906,2000-08-10 10:15:00 PDT,9.76563,63.9295,58.0606,0.63125
907,2000-08-10 10:30:00 PDT,10.1501,64.762,64.5112,0.615
908,2000-08-10 10:45:00 PDT,10.3249,65.4595,69.8706,0.60125
909,2000-08-10 11:00:00 PDT,10.2899,66.022,74.1387,0.59
910,2000-08-10 11:15:00 PDT,9.4161,66.0445,76.6218,0.59063
911,2000-08-10 11:30:00 PDT,8.75201,66.202,78.4762,0.5875
912,2000-08-10 11:45:00 PDT,8.29764,66.4945,79.7016,0.58063
913,2000-08-10 12:00:00 PDT,8.05297,66.922,80.2982,0.57
914,2000-08-10 12:15:00 PDT,8.5423,67.8726,80.5956,0.55375
915,2000-08-10 12:30:00 PDT,8.89182,68.6995,80.0443,0.535
916,2000-08-10 12:45:00 PDT,9.10153,69.4026,78.6444,0.51375
917,2000-08-10 13:00:00 PDT,9.17144,69.982,76.3959,0.49
918,2000-08-10 13:15:00 PDT,8.45142,70.1676,71.1542,0.44781
919,2000-08-10 13:30:00 PDT,8.02501,70.4095,66.4935,0.41375
920,2000-08-10 13:45:00 PDT,7.89219,70.7076,62.4139,0.38781
921,2000-08-10 14:00:00 PDT,8.05297,71.062,58.9152,0.37
922,2000-08-10 14:15:00 PDT,10.0592,71.7426,57.9879,0.37156
923,2000-08-10 14:30:00 PDT,11.3245,72.2995,56.3146,0.37375
924,2000-08-10 14:45:00 PDT,11.8488,72.7326,53.8956,0.37656
925,2000-08-10 15:00:00 PDT,11.6321,73.042,50.7306,0.38
926,2000-08-10 15:15:00 PDT,8.34657,73.2276,45.0923,0.38688
927,2000-08-10 15:30:00 PDT,5.87196,73.2895,39.8598,0.3925
928,2000-08-10 15:45:00 PDT,4.20824,73.2276,35.0331,0.39688
929,2000-08-10 16:00:00 PDT,3.3554,73.042,30.6123,0.4
930,2000-08-10 16:15:00 PDT,5.07505,72.7495,27.0454,0.38594
931,2000-08-10 16:30:00 PDT,6.43119,72.322,23.5855,0.38125
932,2000-08-10 16:45:00 PDT,7.42383,71.7595,20.2328,0.38594
933,2000-08-10 17:00:00 PDT,8.05297,71.062,16.9872,0.4
934,2000-08-10 17:15:00 PDT,7.6685,70.0101,13.3686,0.45063
935,2000-08-10 17:30:00 PDT,7.35393,68.9695,10.1771,0.4925
936,2000-08-10 17:45:00 PDT,7.10926,67.9401,7.4129,0.52563
937,2000-08-10 18:00:00 PDT,6.9345,66.922,5.07588,0.55
938,2000-08-10 18:15:00 PDT,7.03936,65.6451,3.33105,0.54969
939,2000-08-10 18:30:00 PDT,7.07431,64.5595,1.90346,0.55125
940,2000-08-10 18:45:00 PDT,7.03936,63.6651,0.79311,0.55469
941,2000-08-10 19:00:00 PDT,6.9345,62.962,0,0.56
942,2000-08-10 19:15:00 PDT,6.44517,62.5682,0,0.5775
943,2000-08-10 19:30:00 PDT,6.09565,62.287,0,0.59
944,2000-08-10 19:45:00 PDT,5.88594,62.1182,0,0.5975
945,2000-08-10 20:00:00 PDT,5.81603,62.062,0,0.6
946,2000-08-10 20:15:00 PDT,6.53605,62.8439,0,0.56563
947,2000-08-10 20:30:00 PDT,6.96246,63.2545,0,0.5475
948,2000-08-10 20:45:00 PDT,7.09528,63.2939,0,0.54563
949,2000-08-10 21:00:00 PDT,6.9345,62.962,0,0.56
950,2000-08-10 21:15:00 PDT,5.4735,61.4151,0,0.63375
951,2000-08-10 21:30:00 PDT,4.38999,60.0595,0,0.695
952,2000-08-10 21:45:00 PDT,3.68395,58.8951,0,0.74375
953,2000-08-10 22:00:00 PDT,3.3554,57.922,0,0.78
954,2000-08-10 22:15:00 PDT,4.3061,57.2414,0,0.78688
955,2000-08-10 22:30:00 PDT,5.03311,56.6845,0,0.7925
956,2000-08-10 22:45:00 PDT,5.53642,56.2514,0,0.79688
957,2000-08-10 23:00:00 PDT,5.81603,55.942,0,0.8
958,2000-08-10 23:15:00 PDT,5.87196,56.1276,0,0.79438
959,2000-08-10 23:30:00 PDT,5.70419,56.1895,0,0.7925
960,2000-08-10 23:45:00 PDT,5.31272,56.1276,0,0.79438
961,2000-08-11 00:00:00 PDT,4.69757,55.942,0,0.8
962,2000-08-11 00:15:00 PDT,2.76821,55.2614,0,0.82063
963,2000-08-11 00:30:00 PDT,1.34216,54.7045,0,0.8375
964,2000-08-11 00:45:00 PDT,0.41943,54.2714,0,0.85063
965,2000-08-11 01:00:00 PDT,0,53.962,0,0.86
966,2000-08-11 01:15:00 PDT,0.92274,53.8607,0,0.86281
967,2000-08-11 01:30:00 PDT,1.78955,53.827,0,0.86375
968,2000-08-11 01:45:00 PDT,2.60044,53.8607,0,0.86281
969,2000-08-11 02:00:00 PDT,3.3554,53.962,0,0.86
970,2000-08-11 02:15:00 PDT,4.20125,54.6201,0,0.84688
971,2000-08-11 02:30:00 PDT,4.8933,55.0195,0,0.8375
972,2000-08-11 02:45:00 PDT,5.43156,55.1601,0,0.83188
973,2000-08-11 03:00:00 PDT,5.81603,55.042,0,0.83
974,2000-08-11 03:15:00 PDT,5.60632,53.8045,0,0.84313
975,2000-08-11 03:30:00 PDT,5.53642,52.882,0,0.8525
976,2000-08-11 03:45:00 PDT,5.60632,52.2745,0,0.85813
977,2000-08-11 04:00:00 PDT,5.81603,51.982,0,0.86
978,2000-08-11 04:15:00 PDT,6.79469,52.477,0.05413,0.8525
979,2000-08-11 04:30:00 PDT,7.49374,52.972,0.63589,0.845
980,2000-08-11 04:45:00 PDT,7.91316,53.467,1.74527,0.8375
981,2000-08-11 05:00:00 PDT,8.05297,53.962,3.38228,0.83
982,2000-08-11 05:15:00 PDT,7.28402,54.1701,5.52907,0.83188
983,2000-08-11 05:30:00 PDT,6.65489,54.5695,8.21538,0.8275
984,2000-08-11 05:45:00 PDT,6.16556,55.1601,11.4412,0.81688
985,2000-08-11 06:00:00 PDT,5.81603,55.942,15.2065,0.8
986,2000-08-11 06:15:00 PDT,5.92089,57.3876,20.7808,0.75719
987,2000-08-11 06:30:00 PDT,5.95584,58.7095,26.0483,0.72125
988,2000-08-11 06:45:00 PDT,5.92089,59.9076,31.009,0.69219
989,2000-08-11 07:00:00 PDT,5.81603,60.982,35.663,0.67
990,2000-08-11 07:15:00 PDT,5.11699,61.8482,39.8171,0.66875
991,2000-08-11 07:30:00 PDT,4.69757,62.647,43.7932,0.665
992,2000-08-11 07:45:00 PDT,4.55776,63.3782,47.591,0.65875
993,2000-08-11 08:00:00 PDT,4.69757,64.042,51.2106,0.65
994,2000-08-11 08:15:00 PDT,5.95584,64.537,54.8416,0.63313
995,2000-08-11 08:30:00 PDT,6.9345,65.032,58.168,0.6175
996,2000-08-11 08:45:00 PDT,7.63355,65.527,61.1899,0.60313
997,2000-08-11 09:00:00 PDT,8.05297,66.022,63.9074,0.59
998,2000-08-11 09:15:00 PDT,7.45878,66.6014,66.1616,0.58188
999,2000-08-11 09:30:00 PDT,7.07431,67.1245,68.2172,0.5725
1000,2000-08-11 09:45:00 PDT,6.89955,67.5914,70.0742,0.56188
1001,2000-08-11 10:00:00 PDT,6.9345,68.002,71.7326,0.55
1002,2000-08-11 10:15:00 PDT,7.59859,68.1876,73.0883,0.53219
1003,2000-08-11 10:30:00 PDT,8.19278,68.4295,74.3148,0.51625
1004,2000-08-11 10:45:00 PDT,8.71706,68.7276,75.4121,0.50219
1005,2000-08-11 11:00:00 PDT,9.17144,69.082,76.3801,0.49
1006,2000-08-11 11:15:00 PDT,9.43008,69.577,77.7144,0.48813
1007,2000-08-11 11:30:00 PDT,9.70271,70.072,78.5891,0.4825
1008,2000-08-11 11:45:00 PDT,9.98932,70.567,79.0044,0.47313
1009,2000-08-11 12:00:00 PDT,10.2899,71.062,78.9602,0.46
1010,2000-08-11 12:15:00 PDT,10.7513,71.6582,78.2114,0.43188
1011,2000-08-11 12:30:00 PDT,11.1288,72.187,77.1666,0.4075
1012,2000-08-11 12:45:00 PDT,11.4224,72.6482,75.8257,0.38688
1013,2000-08-11 13:00:00 PDT,11.6321,73.042,74.1889,0.37
1014,2000-08-11 13:15:00 PDT,11.8628,73.3514,72.2263,0.36063
1015,2000-08-11 13:30:00 PDT,11.9396,73.6045,69.9875,0.3525
1016,2000-08-11 13:45:00 PDT,11.8628,73.8014,67.4725,0.34563
1017,2000-08-11 14:00:00 PDT,11.6321,73.942,64.6813,0.34
1018,2000-08-11 14:15:00 PDT,10.7862,73.8407,61.3606,0.33563
1019,2000-08-11 14:30:00 PDT,10.0942,73.807,57.9326,0.3325
1020,2000-08-11 14:45:00 PDT,9.55591,73.8407,54.3974,0.33063
1021,2000-08-11 15:00:00 PDT,9.17144,73.942,50.7549,0.33
1022,2000-08-11 15:15:00 PDT,9.06658,74.4145,46.9371,0.32781
1023,2000-08-11 15:30:00 PDT,9.03163,74.752,43.0575,0.32875
1024,2000-08-11 15:45:00 PDT,9.06658,74.9545,39.116,0.33281
1025,2000-08-11 16:00:00 PDT,9.17144,75.022,35.1127,0.34
1026,2000-08-11 16:15:00 PDT,9.55591,74.9207,30.5759,0.35969
1027,2000-08-11 16:30:00 PDT,9.87048,74.707,26.2916,0.37625
1028,2000-08-11 16:45:00 PDT,10.1151,74.3807,22.2599,0.38969
1029,2000-08-11 17:00:00 PDT,10.2899,73.942,18.4808,0.4
1030,2000-08-11 17:15:00 PDT,10.4996,73.5257,14.6265,0.39125
1031,2000-08-11 17:30:00 PDT,10.5695,72.907,11.2432,0.39
1032,2000-08-11 17:45:00 PDT,10.4996,72.0857,8.33098,0.39625
1033,2000-08-11 18:00:00 PDT,10.2899,71.062,5.88986,0.41
1034,2000-08-11 18:15:00 PDT,9.08056,69.1439,4.23103,0.45469
1035,2000-08-11 18:30:00 PDT,8.30463,67.4845,2.83579,0.49125
1036,2000-08-11 18:45:00 PDT,7.9621,66.0839,1.70416,0.51969
1037,2000-08-11 19:00:00 PDT,8.05297,64.942,0.83613,0.54
1038,2000-08-11 19:15:00 PDT,9.77262,64.447,0.54871,0.53438
1039,2000-08-11 19:30:00 PDT,11.1288,63.952,0.31355,0.5325
1040,2000-08-11 19:45:00 PDT,12.1214,63.457,0.13065,0.53438
1041,2000-08-11 20:00:00 PDT,12.7505,62.962,0,0.54
1042,2000-08-11 20:15:00 PDT,12.4919,62.1801,0,0.56063
1043,2000-08-11 20:30:00 PDT,12.2193,61.5895,0,0.5775
1044,2000-08-11 20:45:00 PDT,11.9327,61.1901,0,0.59063
1045,2000-08-11 21:00:00 PDT,11.6321,60.982,0,0.6
1046,2000-08-11 21:15:00 PDT,11.0449,61.4545,0,0.59719
1047,2000-08-11 21:30:00 PDT,10.6254,61.792,0,0.59625
1048,2000-08-11 21:45:00 PDT,10.3738,61.9945,0,0.59719
1049,2000-08-11 22:00:00 PDT,10.2899,62.062,0,0.6
1050,2000-08-11 22:15:00 PDT,10.982,61.7751,0,0.60844
1051,2000-08-11 22:30:00 PDT,11.4363,61.4995,0,0.61625
1052,2000-08-11 22:45:00 PDT,11.653,61.2351,0,0.62344
1053,2000-08-11 23:00:00 PDT,11.6321,60.982,0,0.63
1054,2000-08-11 23:15:00 PDT,10.7862,60.6726,0,0.63688
1055,2000-08-11 23:30:00 PDT,10.0942,60.4195,0,0.6425
1056,2000-08-11 23:45:00 PDT,9.55591,60.2226,0,0.64688
1057,2000-08-12 00:00:00 PDT,9.17144,60.082,0,0.65
1058,2000-08-12 00:15:00 PDT,9.48601,60.2845,0,0.64344
1059,2000-08-12 00:30:00 PDT,9.59086,60.352,0,0.64125
1060,2000-08-12 00:45:00 PDT,9.48601,60.2845,0,0.64344
1061,2000-08-12 01:00:00 PDT,9.17144,60.082,0,0.65
1062,2000-08-12 01:15:00 PDT,8.01802,59.4239,0,0.66844
1063,2000-08-12 01:30:00 PDT,7.07431,58.8445,0,0.68625
1064,2000-08-12 01:45:00 PDT,6.34032,58.3439,0,0.70344
1065,2000-08-12 02:00:00 PDT,5.81603,57.922,0,0.72
1066,2000-08-12 02:15:00 PDT,5.92089,57.6126,0,0.74063
1067,2000-08-12 02:30:00 PDT,5.95584,57.3595,0,0.7575
1068,2000-08-12 02:45:00 PDT,5.92089,57.1626,0,0.77063
1069,2000-08-12 03:00:00 PDT,5.81603,57.022,0,0.78
1070,2000-08-12 03:15:00 PDT,5.3267,56.9376,0,0.78
1071,2000-08-12 03:30:00 PDT,4.97718,56.9095,0,0.78
1072,2000-08-12 03:45:00 PDT,4.76747,56.9376,0,0.78
1073,2000-08-12 04:00:00 PDT,4.69757,57.022,0,0.78
1074,2000-08-12 04:15:00 PDT,5.1869,57.2301,0,0.78
1075,2000-08-12 04:30:00 PDT,5.53642,57.4495,0,0.78
1076,2000-08-12 04:45:00 PDT,5.74613,57.6801,0.57065,0.78
1077,2000-08-12 05:00:00 PDT,5.81603,57.922,1.99659,0.78
1078,2000-08-12 05:15:00 PDT,5.11699,58.1076,5.31953,0.78563
1079,2000-08-12 05:30:00 PDT,4.69757,58.3495,8.40758,0.7875
1080,2000-08-12 05:45:00 PDT,4.55776,58.6476,11.2607,0.78563
1081,2000-08-12 06:00:00 PDT,4.69757,59.002,13.879,0.78
1082,2000-08-12 06:15:00 PDT,5.95584,59.3957,15.548,0.76594
1083,2000-08-12 06:30:00 PDT,6.9345,59.857,17.4584,0.75125
1084,2000-08-12 06:45:00 PDT,7.63355,60.3857,19.6101,0.73594
1085,2000-08-12 07:00:00 PDT,8.05297,60.982,22.0031,0.72
1086,2000-08-12 07:15:00 PDT,7.6685,61.9495,26.7842,0.69781
1087,2000-08-12 07:30:00 PDT,7.35393,62.782,30.3754,0.67875
1088,2000-08-12 07:45:00 PDT,7.10926,63.4795,32.7768,0.66281
1089,2000-08-12 08:00:00 PDT,6.9345,64.042,33.9882,0.65
1090,2000-08-12 08:15:00 PDT,6.9345,64.1657,30.2239,0.645
1091,2000-08-12 08:30:00 PDT,6.9345,64.357,27.7936,0.64
1092,2000-08-12 08:45:00 PDT,6.9345,64.6157,26.6974,0.635
1093,2000-08-12 09:00:00 PDT,6.9345,64.942,26.9353,0.63
1094,2000-08-12 09:15:00 PDT,6.82965,65.2345,28.8791,0.63063
1095,2000-08-12 09:30:00 PDT,6.79469,65.662,31.9091,0.6275
1096,2000-08-12 09:45:00 PDT,6.82965,66.2245,36.0252,0.62063
1097,2000-08-12 10:00:00 PDT,6.9345,66.922,41.2276,0.61
1098,2000-08-12 10:15:00 PDT,7.52869,68.0751,52.0902,0.59
1099,2000-08-12 10:30:00 PDT,7.91316,69.1495,60.9896,0.57
1100,2000-08-12 10:45:00 PDT,8.08792,70.1451,67.9258,0.55
1101,2000-08-12 11:00:00 PDT,8.05297,71.062,72.8987,0.53
1102,2000-08-12 11:15:00 PDT,6.73877,72.322,76.3675,0.49688
1103,2000-08-12 11:30:00 PDT,5.92788,73.222,77.567,0.4725
1104,2000-08-12 11:45:00 PDT,5.6203,73.762,76.4972,0.45688
1105,2000-08-12 12:00:00 PDT,5.81603,73.942,73.1581,0.45
1106,2000-08-12 12:15:00 PDT,7.94112,73.0532,60.5939,0.46875
1107,2000-08-12 12:30:00 PDT,9.61883,72.277,50.3976,0.485
1108,2000-08-12 12:45:00 PDT,10.8491,71.6132,42.5691,0.49875
1109,2000-08-12 13:00:00 PDT,11.6321,71.062,37.1086,0.51
1110,2000-08-12 13:15:00 PDT,11.0449,70.5051,38.5738,0.52344
1111,2000-08-12 13:30:00 PDT,10.6254,70.1395,39.3683,0.53125
1112,2000-08-12 13:45:00 PDT,10.3738,69.9651,39.4922,0.53344
1113,2000-08-12 14:00:00 PDT,10.2899,69.982,38.9453,0.53
1114,2000-08-12 14:15:00 PDT,10.6464,70.8482,36.7557,0.49938
1115,2000-08-12 14:30:00 PDT,10.9889,71.467,34.5434,0.4775
1116,2000-08-12 14:45:00 PDT,11.3175,71.8382,32.3085,0.46438
1117,2000-08-12 15:00:00 PDT,11.6321,71.962,30.051,0.46
1118,2000-08-12 15:15:00 PDT,12.3521,71.0957,27.4364,0.48406
1119,2000-08-12 15:30:00 PDT,12.7785,70.477,25.0221,0.50375
1120,2000-08-12 15:45:00 PDT,12.9113,70.1057,22.808,0.51906
1121,2000-08-12 16:00:00 PDT,12.7505,69.982,20.7941,0.53
1122,2000-08-12 16:15:00 PDT,11.5202,70.747,19.534,0.53
1123,2000-08-12 16:30:00 PDT,10.5136,71.332,18.105,0.53
1124,2000-08-12 16:45:00 PDT,9.73067,71.737,16.5073,0.53
1125,2000-08-12 17:00:00 PDT,9.17144,71.962,14.7408,0.53
1126,2000-08-12 17:15:00 PDT,9.17144,72.0407,12.2493,0.52813
1127,2000-08-12 17:30:00 PDT,9.17144,71.917,9.95983,0.5275
1128,2000-08-12 17:45:00 PDT,9.17144,71.5907,7.87232,0.52813
1129,2000-08-12 18:00:00 PDT,9.17144,71.062,5.9868,0.53
1130,2000-08-12 18:15:00 PDT,8.94075,69.9089,4.13206,0.5275
1131,2000-08-12 18:30:00 PDT,8.86386,68.8345,2.59344,0.53
1132,2000-08-12 18:45:00 PDT,8.94075,67.8389,1.37092,0.5375
1133,2000-08-12 19:00:00 PDT,9.17144,66.922,0.46452,0.55
1134,2000-08-12 19:15:00 PDT,10.1431,65.932,0.30484,0.57969
1135,2000-08-12 19:30:00 PDT,10.8771,65.122,0.17419,0.60625
1136,2000-08-12 19:45:00 PDT,11.3734,64.492,0.07258,0.62969
1137,2000-08-12 20:00:00 PDT,11.6321,64.042,0,0.65
1138,2000-08-12 20:15:00 PDT,11.0449,64.2276,0,0.65969
1139,2000-08-12 20:30:00 PDT,10.6254,64.2895,0,0.67125
1140,2000-08-12 20:45:00 PDT,10.3738,64.2276,0,0.68469
1141,2000-08-12 21:00:00 PDT,10.2899,64.042,0,0.7
1142,2000-08-12 21:15:00 PDT,10.8771,63.3614,0,0.7275
1143,2000-08-12 21:30:00 PDT,11.2965,62.8045,0,0.75
1144,2000-08-12 21:45:00 PDT,11.5482,62.3714,0,0.7675
1145,2000-08-12 22:00:00 PDT,11.6321,62.062,0,0.78
1146,2000-08-12 22:15:00 PDT,11.5901,62.1632,0,0.77719
1147,2000-08-12 22:30:00 PDT,11.3525,62.197,0,0.77625
1148,2000-08-12 22:45:00 PDT,10.919,62.1632,0,0.77719
1149,2000-08-12 23:00:00 PDT,10.2899,62.062,0,0.78
1150,2000-08-12 23:15:00 PDT,8.64716,61.8764,0,0.78469
1151,2000-08-12 23:30:00 PDT,7.35393,61.6345,0,0.79125
1152,2000-08-12 23:45:00 PDT,6.41022,61.3364,0,0.79969
1153,2000-08-13 00:00:00 PDT,5.81603,60.982,0,0.81
1154,2000-08-13 00:15:00 PDT,6.41022,60.4026,0,0.82781
1155,2000-08-13 00:30:00 PDT,6.79469,59.8795,0,0.84375
1156,2000-08-13 00:45:00 PDT,6.96945,59.4126,0,0.85781
1157,2000-08-13 01:00:00 PDT,6.9345,59.002,0,0.87
1158,2000-08-13 01:15:00 PDT,6.0607,58.5295,0,0.88313
1159,2000-08-13 01:30:00 PDT,5.39661,58.192,0,0.8925
1160,2000-08-13 01:45:00 PDT,4.94223,57.9895,0,0.89813
1161,2000-08-13 02:00:00 PDT,4.69757,57.922,0,0.9
1162,2000-08-13 02:15:00 PDT,5.08204,58.2932,0,0.88969
1163,2000-08-13 02:30:00 PDT,5.39661,58.597,0,0.88125
1164,2000-08-13 02:45:00 PDT,5.64127,58.8332,0,0.87469
1165,2000-08-13 03:00:00 PDT,5.81603,59.002,0,0.87
1166,2000-08-13 03:15:00 PDT,5.81603,59.1032,0,0.87
1167,2000-08-13 03:30:00 PDT,5.81603,59.137,0,0.87
1168,2000-08-13 03:45:00 PDT,5.81603,59.1032,0,0.87
1169,2000-08-13 04:00:00 PDT,5.81603,59.002,0,0.87
1170,2000-08-13 04:15:00 PDT,5.60632,58.3439,0,0.87563
1171,2000-08-13 04:30:00 PDT,5.53642,57.9445,0,0.8775
1172,2000-08-13 04:45:00 PDT,5.60632,57.8039,1.07462,0.87563
1173,2000-08-13 05:00:00 PDT,5.81603,57.922,2.92053,0.87
1174,2000-08-13 05:15:00 PDT,6.58498,58.8726,8.03708,0.85219
1175,2000-08-13 05:30:00 PDT,7.21412,59.6995,12.213,0.83625
1176,2000-08-13 05:45:00 PDT,7.70345,60.4026,15.4482,0.82219
1177,2000-08-13 06:00:00 PDT,8.05297,60.982,17.7428,0.81
1178,2000-08-13 06:15:00 PDT,8.05297,60.8976,14.2965,0.81375
1179,2000-08-13 06:30:00 PDT,8.05297,61.0495,13.1096,0.81
1180,2000-08-13 06:45:00 PDT,8.05297,61.4376,14.1823,0.79875
1181,2000-08-13 07:00:00 PDT,8.05297,62.062,17.5144,0.78
1182,2000-08-13 07:15:00 PDT,7.84326,63.4457,29.0971,0.73594
1183,2000-08-13 07:30:00 PDT,7.77335,64.717,38.9452,0.69625
1184,2000-08-13 07:45:00 PDT,7.84326,65.8757,47.0587,0.66094
1185,2000-08-13 08:00:00 PDT,8.05297,66.922,53.4376,0.63
1186,2000-08-13 08:15:00 PDT,8.69609,67.8726,55.5639,0.6025
1187,2000-08-13 08:30:00 PDT,9.28329,68.6995,57.6343,0.58
1188,2000-08-13 08:45:00 PDT,9.81456,69.4026,59.6489,0.5625
1189,2000-08-13 09:00:00 PDT,10.2899,69.982,61.6078,0.55
1190,2000-08-13 09:15:00 PDT,10.6464,70.1676,64.293,0.55938
1191,2000-08-13 09:30:00 PDT,10.9889,70.4095,66.4009,0.5625
1192,2000-08-13 09:45:00 PDT,11.3175,70.7076,67.9317,0.55938
1193,2000-08-13 10:00:00 PDT,11.6321,71.062,68.8852,0.55
1194,2000-08-13 10:15:00 PDT,12.1214,71.557,68.4006,0.5175
1195,2000-08-13 10:30:00 PDT,12.4709,72.052,67.9126,0.49
1196,2000-08-13 10:45:00 PDT,12.6806,72.547,67.4214,0.4675
1197,2000-08-13 11:00:00 PDT,12.7505,73.042,66.9268,0.45
1198,2000-08-13 11:15:00 PDT,12.4919,73.9082,65.9358,0.43656
1199,2000-08-13 11:30:00 PDT,12.2193,74.527,65.2702,0.42875
1200,2000-08-13 11:45:00 PDT,11.9327,74.8982,64.9299,0.42656
1201,2000-08-13 12:00:00 PDT,11.6321,75.022,64.915,0.43
1202,2000-08-13 12:15:00 PDT,11.2756,74.1557,68.5248,0.46063
1203,2000-08-13 12:30:00 PDT,10.933,73.537,70.2603,0.4825
1204,2000-08-13 12:45:00 PDT,10.6045,73.1657,70.1216,0.49563
1205,2000-08-13 13:00:00 PDT,10.2899,73.042,68.1087,0.5
1206,2000-08-13 13:15:00 PDT,9.56989,73.6382,58.7379,0.47688
1207,2000-08-13 13:30:00 PDT,9.14348,74.167,51.1486,0.4575
1208,2000-08-13 13:45:00 PDT,9.01066,74.6282,45.3409,0.44188
1209,2000-08-13 14:00:00 PDT,9.17144,75.022,41.3148,0.43
1210,2000-08-13 14:15:00 PDT,10.7373,75.517,42.9465,0.42375
1211,2000-08-13 14:30:00 PDT,11.8558,75.832,43.7756,0.42
1212,2000-08-13 14:45:00 PDT,12.5268,75.967,43.8022,0.41875
1213,2000-08-13 15:00:00 PDT,12.7505,75.922,43.0264,0.42
1214,2000-08-13 15:15:00 PDT,11.5202,75.427,40.9177,0.42563
1215,2000-08-13 15:30:00 PDT,10.5136,74.932,38.3601,0.4325
1216,2000-08-13 15:45:00 PDT,9.73067,74.437,35.3535,0.44063
1217,2000-08-13 16:00:00 PDT,9.17144,73.942,31.898,0.45
1218,2000-08-13 16:15:00 PDT,9.2763,73.447,26.3758,0.46625
1219,2000-08-13 16:30:00 PDT,9.31125,72.952,21.4831,0.48
1220,2000-08-13 16:45:00 PDT,9.2763,72.457,17.22,0.49125
1221,2000-08-13 17:00:00 PDT,9.17144,71.962,13.5864,0.5
1222,2000-08-13 17:15:00 PDT,8.99668,71.5682,11.2118,0.49406
1223,2000-08-13 17:30:00 PDT,8.75201,71.107,9.04709,0.49375
1224,2000-08-13 17:45:00 PDT,8.43744,70.5782,7.09216,0.49906
1225,2000-08-13 18:00:00 PDT,8.05297,69.982,5.34703,0.51
1226,2000-08-13 18:15:00 PDT,7.17917,68.9301,3.71221,0.5425
1227,2000-08-13 18:30:00 PDT,6.51508,68.0695,2.35352,0.57
1228,2000-08-13 18:45:00 PDT,6.0607,67.4001,1.27096,0.5925
1229,2000-08-13 19:00:00 PDT,5.81603,66.922,0.46452,0.61
1230,2000-08-13 19:15:00 PDT,6.30536,67.1076,0.30484,0.615
1231,2000-08-13 19:30:00 PDT,6.65489,67.1695,0.17419,0.62
1232,2000-08-13 19:45:00 PDT,6.8646,67.1076,0.07258,0.625
1233,2000-08-13 20:00:00 PDT,6.9345,66.922,0,0.63
1234,2000-08-13 20:15:00 PDT,6.65489,66.3257,0,0.63219
1235,2000-08-13 20:30:00 PDT,6.37527,65.797,0,0.63625
1236,2000-08-13 20:45:00 PDT,6.09565,65.3357,0,0.64219
1237,2000-08-13 21:00:00 PDT,5.81603,64.942,0,0.65
1238,2000-08-13 21:15:00 PDT,5.22185,64.6326,0,0.66719
1239,2000-08-13 21:30:00 PDT,4.83737,64.3795,0,0.68125
1240,2000-08-13 21:45:00 PDT,4.66261,64.1826,0,0.69219
1241,2000-08-13 22:00:00 PDT,4.69757,64.042,0,0.7
1242,2000-08-13 22:15:00 PDT,5.57137,64.4132,0,0.68688
1243,2000-08-13 22:30:00 PDT,6.23546,64.537,0,0.6825
1244,2000-08-13 22:45:00 PDT,6.68984,64.4132,0,0.68688
1245,2000-08-13 23:00:00 PDT,6.9345,64.042,0,0.7
1246,2000-08-13 23:15:00 PDT,6.78071,62.5964,0,0.75094
1247,2000-08-13 23:30:00 PDT,6.54304,61.4545,0,0.79125
1248,2000-08-13 23:45:00 PDT,6.22148,60.6164,0,0.82094
1249,2000-08-14 00:00:00 PDT,5.81603,60.082,0,0.84
1250,2000-08-14 00:15:00 PDT,4.63465,60.3914,0,0.8325
1251,2000-08-14 00:30:00 PDT,3.83075,60.6445,0,0.825
1252,2000-08-14 00:45:00 PDT,3.40434,60.8414,0,0.8175
1253,2000-08-14 01:00:00 PDT,3.3554,60.982,0,0.81
1254,2000-08-14 01:15:00 PDT,4.69058,61.0664,0,0.79406
1255,2000-08-14 01:30:00 PDT,5.73215,61.0945,0,0.78375
1256,2000-08-14 01:45:00 PDT,6.48012,61.0664,0,0.77906
1257,2000-08-14 02:00:00 PDT,6.9345,60.982,0,0.78
1258,2000-08-14 02:15:00 PDT,6.55003,60.6726,0,0.80063
1259,2000-08-14 02:30:00 PDT,6.23546,60.4195,0,0.8175
1260,2000-08-14 02:45:00 PDT,5.9908,60.2226,0,0.83063
1261,2000-08-14 03:00:00 PDT,5.81603,60.082,0,0.84
1262,2000-08-14 03:15:00 PDT,5.71118,60.082,0,0.84
1263,2000-08-14 03:30:00 PDT,5.67623,60.082,0,0.84
1264,2000-08-14 03:45:00 PDT,5.71118,60.082,0,0.84
1265,2000-08-14 04:00:00 PDT,5.81603,60.082,0,0.84
1266,2000-08-14 04:15:00 PDT,6.09565,59.9976,0.51399,0.84281
1267,2000-08-14 04:30:00 PDT,6.37527,59.9695,1.09222,0.84375
1268,2000-08-14 04:45:00 PDT,6.65489,59.9976,1.73468,0.84281
1269,2000-08-14 05:00:00 PDT,6.9345,60.082,2.44138,0.84
1270,2000-08-14 05:15:00 PDT,7.21412,60.2057,3.25656,0.83531
1271,2000-08-14 05:30:00 PDT,7.49374,60.397,4.10648,0.82875
1272,2000-08-14 05:45:00 PDT,7.77335,60.6557,4.99113,0.82031
1273,2000-08-14 06:00:00 PDT,8.05297,60.982,5.91052,0.81
1274,2000-08-14 06:15:00 PDT,8.43744,61.477,5.42576,0.79406
1275,2000-08-14 06:30:00 PDT,8.75201,61.972,5.93499,0.77875
1276,2000-08-14 06:45:00 PDT,8.99668,62.467,7.43822,0.76406
1277,2000-08-14 07:00:00 PDT,9.17144,62.962,9.93544,0.75
1278,2000-08-14 07:15:00 PDT,9.06658,63.727,18.2516,0.73
1279,2000-08-14 07:30:00 PDT,9.03163,64.312,24.3451,0.715
1280,2000-08-14 07:45:00 PDT,9.06658,64.717,28.216,0.705
1281,2000-08-14 08:00:00 PDT,9.17144,64.942,29.8643,0.7
1282,2000-08-14 08:15:00 PDT,9.32523,64.0757,20.8771,0.72531
1283,2000-08-14 08:30:00 PDT,9.5629,63.637,15.2758,0.73875
1284,2000-08-14 08:45:00 PDT,9.88446,63.6257,13.0604,0.74031
1285,2000-08-14 09:00:00 PDT,10.2899,64.042,14.2308,0.73
1286,2000-08-14 09:15:00 PDT,11.2406,65.9826,25.6468,0.67875
1287,2000-08-14 09:30:00 PDT,11.9676,67.6195,35.8754,0.635
1288,2000-08-14 09:45:00 PDT,12.4709,68.9526,44.9169,0.59875
1289,2000-08-14 10:00:00 PDT,12.7505,69.982,52.771,0.57
1290,2000-08-14 10:15:00 PDT,12.2612,70.2689,60.4904,0.55906
1291,2000-08-14 10:30:00 PDT,11.9117,70.5445,66.3209,0.54875
1292,2000-08-14 10:45:00 PDT,11.702,70.8089,70.2623,0.53906
1293,2000-08-14 11:00:00 PDT,11.6321,71.062,72.3147,0.53
1294,2000-08-14 11:15:00 PDT,11.702,71.4557,69.0103,0.51125
1295,2000-08-14 11:30:00 PDT,11.9117,71.737,66.1287,0.5
1296,2000-08-14 11:45:00 PDT,12.2612,71.9057,63.6699,0.49625
1297,2000-08-14 12:00:00 PDT,12.7505,71.962,61.6339,0.5
1298,2000-08-14 12:15:00 PDT,14.1137,72.3107,62.644,0.5075
1299,2000-08-14 12:30:00 PDT,15.1273,72.277,62.328,0.525
1300,2000-08-14 12:45:00 PDT,15.7914,71.8607,60.6858,0.5525
1301,2000-08-14 13:00:00 PDT,16.1059,71.062,57.7174,0.59
1302,2000-08-14 13:15:00 PDT,15.4419,68.8345,50.0605,0.68156
1303,2000-08-14 13:30:00 PDT,14.8477,66.922,43.319,0.75375
1304,2000-08-14 13:45:00 PDT,14.3234,65.3245,37.4928,0.80656
1305,2000-08-14 14:00:00 PDT,13.869,64.042,32.5819,0.84
1306,2000-08-14 14:15:00 PDT,13.4845,63.547,30.2911,0.81094
1307,2000-08-14 14:30:00 PDT,13.17,63.052,27.7792,0.79125
1308,2000-08-14 14:45:00 PDT,12.9253,62.557,25.046,0.78094
1309,2000-08-14 15:00:00 PDT,12.7505,62.062,22.0916,0.78
1310,2000-08-14 15:15:00 PDT,13.2958,61.3814,17.2698,0.81094
1311,2000-08-14 15:30:00 PDT,13.4775,60.8245,13.3243,0.83625
1312,2000-08-14 15:45:00 PDT,13.2958,60.3914,10.2549,0.85594
1313,2000-08-14 16:00:00 PDT,12.7505,60.082,8.06172,0.87
1314,2000-08-14 16:15:00 PDT,10.5416,60.082,8.43698,0.87563
1315,2000-08-14 16:30:00 PDT,8.8359,60.082,8.56027,0.8775
1316,2000-08-14 16:45:00 PDT,7.63355,60.082,8.43158,0.87563
1317,2000-08-14 17:00:00 PDT,6.9345,60.082,8.05091,0.87
1318,2000-08-14 17:15:00 PDT,7.91316,60.082,6.97615,0.84938
1319,2000-08-14 17:30:00 PDT,8.6122,60.082,5.94416,0.8325
1320,2000-08-14 17:45:00 PDT,9.03163,60.082,4.95493,0.81938
1321,2000-08-14 18:00:00 PDT,9.17144,60.082,4.00848,0.81
1322,2000-08-14 18:15:00 PDT,8.6122,60.4701,2.91508,0.79875
1323,2000-08-14 18:30:00 PDT,8.05297,60.5995,1.99092,0.795
1324,2000-08-14 18:45:00 PDT,7.49374,60.4701,1.236,0.79875
1325,2000-08-14 19:00:00 PDT,6.9345,60.082,0.65032,0.81
1326,2000-08-14 19:15:00 PDT,6.0607,58.4732,0.42677,0.85406
1327,2000-08-14 19:30:00 PDT,5.39661,57.247,0.24387,0.88875
1328,2000-08-14 19:45:00 PDT,4.94223,56.4032,0.10161,0.91406
1329,2000-08-14 20:00:00 PDT,4.69757,55.942,0,0.93
1330,2000-08-14 20:15:00 PDT,5.31272,56.6226,0,0.91969
1331,2000-08-14 20:30:00 PDT,5.70419,57.1795,0,0.91125
1332,2000-08-14 20:45:00 PDT,5.87196,57.6126,0,0.90469
1333,2000-08-14 21:00:00 PDT,5.81603,57.922,0,0.9
1334,2000-08-14 21:15:00 PDT,4.97019,57.922,0,0.9
1335,2000-08-14 21:30:00 PDT,4.27814,57.922,0,0.9
1336,2000-08-14 21:45:00 PDT,3.73988,57.922,0,0.9
1337,2000-08-14 22:00:00 PDT,3.3554,57.922,0,0.9
1338,2000-08-14 22:15:00 PDT,3.12472,57.8207,0,0.90281
1339,2000-08-14 22:30:00 PDT,3.04783,57.787,0,0.90375
1340,2000-08-14 22:45:00 PDT,3.12472,57.8207,0,0.90281
1341,2000-08-14 23:00:00 PDT,3.3554,57.922,0,0.9
1342,2000-08-14 23:15:00 PDT,4.20125,58.2932,0,0.88969
1343,2000-08-14 23:30:00 PDT,4.8933,58.597,0,0.88125
1344,2000-08-14 23:45:00 PDT,5.43156,58.8332,0,0.87469
1345,2000-08-15 00:00:00 PDT,5.81603,59.002,0,0.87
1346,2000-08-15 00:15:00 PDT,5.71118,59.1876,0,0.86719
1347,2000-08-15 00:30:00 PDT,5.67623,59.2495,0,0.86625
1348,2000-08-15 00:45:00 PDT,5.71118,59.1876,0,0.86719
1349,2000-08-15 01:00:00 PDT,5.81603,59.002,0,0.87
1350,2000-08-15 01:15:00 PDT,6.30536,58.507,0,0.8775
1351,2000-08-15 01:30:00 PDT,6.65489,58.012,0,0.885
1352,2000-08-15 01:45:00 PDT,6.8646,57.517,0,0.8925
1353,2000-08-15 02:00:00 PDT,6.9345,57.022,0,0.9
1354,2000-08-15 02:15:00 PDT,6.55003,56.257,0,0.91313
1355,2000-08-15 02:30:00 PDT,6.23546,55.672,0,0.9225
1356,2000-08-15 02:45:00 PDT,5.9908,55.267,0,0.92813
1357,2000-08-15 03:00:00 PDT,5.81603,55.042,0,0.93
1358,2000-08-15 03:15:00 PDT,5.71118,55.3514,0,0.91969
1359,2000-08-15 03:30:00 PDT,5.67623,55.6045,0,0.91125
1360,2000-08-15 03:45:00 PDT,5.71118,55.8014,0,0.90469
1361,2000-08-15 04:00:00 PDT,5.81603,55.942,0,0.9
1362,2000-08-15 04:15:00 PDT,6.09565,55.8407,0,0.90281
1363,2000-08-15 04:30:00 PDT,6.37527,55.807,0.13597,0.90375
1364,2000-08-15 04:45:00 PDT,6.65489,55.8407,0.66886,0.90281
1365,2000-08-15 05:00:00 PDT,6.9345,55.942,1.51167,0.9
1366,2000-08-15 05:15:00 PDT,7.42383,56.2289,3.183,0.88969
1367,2000-08-15 05:30:00 PDT,7.77335,56.5045,4.81853,0.88125
1368,2000-08-15 05:45:00 PDT,7.98307,56.7689,6.41829,0.87469
1369,2000-08-15 06:00:00 PDT,8.05297,57.022,7.98226,0.87
1370,2000-08-15 06:15:00 PDT,7.6685,57.3314,9.03537,0.87
1371,2000-08-15 06:30:00 PDT,7.35393,57.5845,10.3694,0.87
1372,2000-08-15 06:45:00 PDT,7.10926,57.7814,11.9844,0.87
1373,2000-08-15 07:00:00 PDT,6.9345,57.922,13.8803,0.87
1374,2000-08-15 07:15:00 PDT,6.49411,57.7195,16.0012,0.87844
1375,2000-08-15 07:30:00 PDT,6.34731,57.652,18.4404,0.88125
1376,2000-08-15 07:45:00 PDT,6.49411,57.7195,21.1978,0.87844
1377,2000-08-15 08:00:00 PDT,6.9345,57.922,24.2734,0.87
1378,2000-08-15 08:15:00 PDT,8.54929,58.2932,27.6436,0.84844
1379,2000-08-15 08:30:00 PDT,9.87048,58.777,31.3478,0.82625
1380,2000-08-15 08:45:00 PDT,10.8981,59.3732,35.3861,0.80344
1381,2000-08-15 09:00:00 PDT,11.6321,60.082,39.7585,0.78
1382,2000-08-15 09:15:00 PDT,11.9676,61.2576,46.0905,0.75219
1383,2000-08-15 09:30:00 PDT,12.0795,62.3095,51.6728,0.72625
1384,2000-08-15 09:45:00 PDT,11.9676,63.2376,56.5055,0.70219
1385,2000-08-15 10:00:00 PDT,11.6321,64.042,60.5886,0.68
1386,2000-08-15 10:15:00 PDT,10.6115,64.537,64.2622,0.66156
1387,2000-08-15 10:30:00 PDT,9.67475,65.032,66.9594,0.64375
1388,2000-08-15 10:45:00 PDT,8.82192,65.527,68.68,0.62656
1389,2000-08-15 11:00:00 PDT,8.05297,66.022,69.4241,0.61
1390,2000-08-15 11:15:00 PDT,6.73877,66.4157,68.8839,0.60344
1391,2000-08-15 11:30:00 PDT,5.92788,66.877,67.5723,0.59125
1392,2000-08-15 11:45:00 PDT,5.6203,67.4057,65.4894,0.57344
1393,2000-08-15 12:00:00 PDT,5.81603,68.002,62.6352,0.55
1394,2000-08-15 12:15:00 PDT,8.36055,68.9695,55.7016,0.49469
1395,2000-08-15 12:30:00 PDT,10.1781,69.802,50.202,0.45125
1396,2000-08-15 12:45:00 PDT,11.2686,70.4995,46.1364,0.41969
1397,2000-08-15 13:00:00 PDT,11.6321,71.062,43.5049,0.4
1398,2000-08-15 13:15:00 PDT,9.73766,71.557,46.3406,0.41656
1399,2000-08-15 13:30:00 PDT,8.13686,71.872,47.9216,0.42875
1400,2000-08-15 13:45:00 PDT,6.82965,72.007,48.2478,0.43656
1401,2000-08-15 14:00:00 PDT,5.81603,71.962,47.3193,0.44
1402,2000-08-15 14:15:00 PDT,5.3267,71.2814,42.8047,0.42875
1403,2000-08-15 14:30:00 PDT,4.97718,70.7245,38.5896,0.42
1404,2000-08-15 14:45:00 PDT,4.76747,70.2914,34.6739,0.41375
1405,2000-08-15 15:00:00 PDT,4.69757,69.982,31.0577,0.41
1406,2000-08-15 15:15:00 PDT,5.31272,70.0664,28.2872,0.41156
1407,2000-08-15 15:30:00 PDT,5.70419,70.0945,25.452,0.41375
1408,2000-08-15 15:45:00 PDT,5.87196,70.0664,22.552,0.41656
1409,2000-08-15 16:00:00 PDT,5.81603,69.982,19.5873,0.42
1410,2000-08-15 16:15:00 PDT,4.63465,69.7739,15.6899,0.42031
1411,2000-08-15 16:30:00 PDT,3.83075,69.5545,12.3063,0.42375
1412,2000-08-15 16:45:00 PDT,3.40434,69.3239,9.43655,0.43031
1413,2000-08-15 17:00:00 PDT,3.3554,69.082,7.08063,0.44
1414,2000-08-15 17:15:00 PDT,4.79543,68.8964,5.81736,0.45844
1415,2000-08-15 17:30:00 PDT,5.87196,68.6545,4.68204,0.47625
1416,2000-08-15 17:45:00 PDT,6.58498,68.3564,3.6747,0.49344
1417,2000-08-15 18:00:00 PDT,6.9345,68.002,2.79531,0.51
1418,2000-08-15 18:15:00 PDT,5.85099,67.6926,2.07829,0.51844
1419,2000-08-15 18:30:00 PDT,5.11699,67.2595,1.46631,0.53125
1420,2000-08-15 18:45:00 PDT,4.73252,66.7026,0.95935,0.54844
1421,2000-08-15 19:00:00 PDT,4.69757,66.022,0.55742,0.57
1422,2000-08-15 19:15:00 PDT,5.95584,65.0489,0.36581,0.60156
1423,2000-08-15 19:30:00 PDT,6.9345,64.0645,0.20903,0.63375
1424,2000-08-15 19:45:00 PDT,7.63355,63.0689,0.0871,0.66656
1425,2000-08-15 20:00:00 PDT,8.05297,62.062,0,0.7
1426,2000-08-15 20:15:00 PDT,7.56364,60.6389,0,0.75094
1427,2000-08-15 20:30:00 PDT,7.21412,59.4745,0,0.79125
1428,2000-08-15 20:45:00 PDT,7.00441,58.5689,0,0.82094
1429,2000-08-15 21:00:00 PDT,6.9345,57.922,0,0.84
1430,2000-08-15 21:15:00 PDT,7.42383,57.922,0,0.82969
1431,2000-08-15 21:30:00 PDT,7.77335,57.922,0,0.82125
1432,2000-08-15 21:45:00 PDT,7.98307,57.922,0,0.81469
1433,2000-08-15 22:00:00 PDT,8.05297,57.922,0,0.81
1434,2000-08-15 22:15:00 PDT,7.45878,57.922,0,0.81
1435,2000-08-15 22:30:00 PDT,7.07431,57.922,0,0.81
1436,2000-08-15 22:45:00 PDT,6.89955,57.922,0,0.81
1437,2000-08-15 23:00:00 PDT,6.9345,57.922,0,0.81
1438,2000-08-15 23:15:00 PDT,7.70345,57.922,0,0.81
1439,2000-08-15 23:30:00 PDT,8.33259,57.922,0,0.81
1440,2000-08-15 23:45:00 PDT,8.82192,57.922,0,0.81
1441,2000-08-16 00:00:00 PDT,9.17144,57.922,0,0.81
1442,2000-08-16 00:15:00 PDT,8.94075,57.922,0,0.81
1443,2000-08-16 00:30:00 PDT,8.86386,57.922,0,0.81
1444,2000-08-16 00:45:00 PDT,8.94075,57.922,0,0.81
1445,2000-08-16 01:00:00 PDT,9.17144,57.922,0,0.81
1446,2000-08-16 01:15:00 PDT,10.1431,57.922,0,0.80719
1447,2000-08-16 01:30:00 PDT,10.8771,57.922,0,0.80625
1448,2000-08-16 01:45:00 PDT,11.3734,57.922,0,0.80719
1449,2000-08-16 02:00:00 PDT,11.6321,57.922,0,0.81
1450,2000-08-16 02:15:00 PDT,11.4853,57.922,0,0.82031
1451,2000-08-16 02:30:00 PDT,11.2126,57.922,0,0.82875
1452,2000-08-16 02:45:00 PDT,10.8142,57.922,0,0.83531
1453,2000-08-16 03:00:00 PDT,10.2899,57.922,0,0.84
1454,2000-08-16 03:15:00 PDT,9.13649,57.922,0,0.83719
1455,2000-08-16 03:30:00 PDT,8.19278,57.922,0,0.83625
1456,2000-08-16 03:45:00 PDT,7.45878,57.922,0,0.83719
1457,2000-08-16 04:00:00 PDT,6.9345,57.922,0,0.84
1458,2000-08-16 04:15:00 PDT,6.49411,57.8207,0.05481,0.85313
1459,2000-08-16 04:30:00 PDT,6.34731,57.787,0.23201,0.8625
1460,2000-08-16 04:45:00 PDT,6.49411,57.8207,0.5316,0.86813
1461,2000-08-16 05:00:00 PDT,6.9345,57.922,0.95358,0.87
1462,2000-08-16 05:15:00 PDT,8.98969,58.192,1.63814,0.8625
1463,2000-08-16 05:30:00 PDT,10.4577,58.462,2.35163,0.855
1464,2000-08-16 05:45:00 PDT,11.3385,58.732,3.09405,0.8475
1465,2000-08-16 06:00:00 PDT,11.6321,59.002,3.86539,0.84
1466,2000-08-16 06:15:00 PDT,9.91242,59.2889,4.69199,0.8325
1467,2000-08-16 06:30:00 PDT,8.55628,59.5645,5.52996,0.825
1468,2000-08-16 06:45:00 PDT,7.56364,59.8289,6.37932,0.8175
1469,2000-08-16 07:00:00 PDT,6.9345,60.082,7.24644,0.81
1470,2000-08-16 07:15:00 PDT,7.42383,60.3914,7.06644,0.799688
1471,2000-08-16 07:30:00 PDT,7.77335,60.6445,7.59482,0.79125
1472,2000-08-16 07:45:00 PDT,7.98307,60.8414,8.8316,0.784687
1473,2000-08-16 08:00:00 PDT,8.05297,60.982,10.7768,0.78
1474,2000-08-16 08:15:00 PDT,7.6685,60.7964,16.6964,0.782813
1475,2000-08-16 08:30:00 PDT,7.35393,60.7345,21.1471,0.78375
1476,2000-08-16 08:45:00 PDT,7.10926,60.7964,24.1287,0.782813
1477,2000-08-16 09:00:00 PDT,6.9345,60.982,25.6412,0.78
1478,2000-08-16 09:15:00 PDT,7.14422,61.477,21.9309,0.77625
1479,2000-08-16 09:30:00 PDT,7.21412,61.972,19.2542,0.77
1480,2000-08-16 09:45:00 PDT,7.14422,62.467,17.6109,0.76125
1481,2000-08-16 10:00:00 PDT,6.9345,62.962,17.0013,0.75
1482,2000-08-16 10:15:00 PDT,6.0607,63.6426,19.498,0.725938
1483,2000-08-16 10:30:00 PDT,5.39661,64.1995,21.6464,0.70625
1484,2000-08-16 10:45:00 PDT,4.94223,64.6326,23.4464,0.690937
1485,2000-08-16 11:00:00 PDT,4.69757,64.942,24.898,0.68
1486,2000-08-16 11:15:00 PDT,5.08204,64.942,25.679,0.68
1487,2000-08-16 11:30:00 PDT,5.39661,64.942,26.3264,0.68
1488,2000-08-16 11:45:00 PDT,5.64127,64.942,26.8403,0.68
1489,2000-08-16 12:00:00 PDT,5.81603,64.942,27.2206,0.68
1490,2000-08-16 12:15:00 PDT,5.81603,64.8407,28.3035,0.682813
1491,2000-08-16 12:30:00 PDT,5.81603,64.807,28.6954,0.68375
1492,2000-08-16 12:45:00 PDT,5.81603,64.8407,28.3964,0.682813
1493,2000-08-16 13:00:00 PDT,5.81603,64.942,27.4064,0.68
1494,2000-08-16 13:15:00 PDT,5.81603,65.3132,24.1403,0.669687
1495,2000-08-16 13:30:00 PDT,5.81603,65.617,21.24,0.66125
1496,2000-08-16 13:45:00 PDT,5.81603,65.8532,18.7054,0.654687
1497,2000-08-16 14:00:00 PDT,5.81603,66.022,16.5367,0.65
1498,2000-08-16 14:15:00 PDT,5.50147,66.022,15.1606,0.65
1499,2000-08-16 14:30:00 PDT,5.39661,66.022,13.8658,0.65
1500,2000-08-16 14:45:00 PDT,5.50147,66.022,12.6522,0.65
1501,2000-08-16 15:00:00 PDT,5.81603,66.022,11.52,0.65
1502,2000-08-16 15:15:00 PDT,7.28402,66.1232,10.3993,0.647188
1503,2000-08-16 15:30:00 PDT,8.33259,66.157,9.40643,0.64625
1504,2000-08-16 15:45:00 PDT,8.96173,66.1232,8.54127,0.647188
1505,2000-08-16 16:00:00 PDT,9.17144,66.022,7.80386,0.65
1506,2000-08-16 16:15:00 PDT,8.01802,65.6507,7.60353,0.660313
1507,2000-08-16 16:30:00 PDT,7.07431,65.347,7.25805,0.66875
1508,2000-08-16 16:45:00 PDT,6.34032,65.1107,6.76741,0.675313
1509,2000-08-16 17:00:00 PDT,5.81603,64.942,6.1316,0.68
1510,2000-08-16 17:15:00 PDT,6.04672,65.1276,4.93257,0.673438
1511,2000-08-16 17:30:00 PDT,6.12361,65.1895,3.86709,0.67125
1512,2000-08-16 17:45:00 PDT,6.04672,65.1276,2.93516,0.673438
1513,2000-08-16 18:00:00 PDT,5.81603,64.942,2.13677,0.68
1514,2000-08-16 18:15:00 PDT,4.97019,64.3457,1.52419,0.70125
1515,2000-08-16 18:30:00 PDT,4.27814,63.817,1.01032,0.72
1516,2000-08-16 18:45:00 PDT,3.73988,63.3557,0.59516,0.73625
1517,2000-08-16 19:00:00 PDT,3.3554,62.962,0.278709,0.75
1518,2000-08-16 19:15:00 PDT,3.3554,62.8382,0.182903,0.754688
1519,2000-08-16 19:30:00 PDT,3.3554,62.647,0.104516,0.76125
1520,2000-08-16 19:45:00 PDT,3.3554,62.3882,0.0435483,0.769688
1521,2000-08-16 20:00:00 PDT,3.3554,62.062,0,0.78
1522,2000-08-16 20:15:00 PDT,3.3554,61.6682,0,0.795
1523,2000-08-16 20:30:00 PDT,3.3554,61.207,0,0.81
1524,2000-08-16 20:45:00 PDT,3.3554,60.6782,0,0.825
1525,2000-08-16 21:00:00 PDT,3.3554,60.082,0,0.84
1526,2000-08-16 21:15:00 PDT,3.12472,59.0301,0,0.860625
1527,2000-08-16 21:30:00 PDT,3.04783,58.1695,0,0.8775
1528,2000-08-16 21:45:00 PDT,3.12472,57.5001,0,0.890625
1529,2000-08-16 22:00:00 PDT,3.3554,57.022,0,0.9
1530,2000-08-16 22:15:00 PDT,4.43193,56.9376,0,0.902813
1531,2000-08-16 22:30:00 PDT,5.20088,56.9095,0,0.90375
1532,2000-08-16 22:45:00 PDT,5.66224,56.9376,0,0.902813
1533,2000-08-16 23:00:00 PDT,5.81603,57.022,0,0.9
1534,2000-08-16 23:15:00 PDT,5.28476,57.6014,0,0.884062
1535,2000-08-16 23:30:00 PDT,4.69757,57.9445,0,0.87375
1536,2000-08-16 23:45:00 PDT,4.05445,58.0514,0,0.869062
1537,2000-08-17 00:00:00 PDT,3.3554,57.922,0,0.87
1538,2000-08-17 00:15:00 PDT,2.20198,56.7464,0,0.890625
1539,2000-08-17 00:30:00 PDT,1.25828,55.8745,0,0.9075
1540,2000-08-17 00:45:00 PDT,0.524282,55.3064,0,0.920625
1541,2000-08-17 01:00:00 PDT,0,55.042,0,0.93
1542,2000-08-17 01:15:00 PDT,0,55.9082,0,0.92625
1543,2000-08-17 01:30:00 PDT,0,56.527,0,0.925
1544,2000-08-17 01:45:00 PDT,0,56.8982,0,0.92625
1545,2000-08-17 02:00:00 PDT,0,57.022,0,0.93
1546,2000-08-17 02:15:00 PDT,0,56.3414,0,0.94375
1547,2000-08-17 02:30:00 PDT,0,55.7845,0,0.955
1548,2000-08-17 02:45:00 PDT,0,55.3514,0,0.96375
1549,2000-08-17 03:00:00 PDT,0,55.042,0,0.97
1550,2000-08-17 03:15:00 PDT,0.81788,54.8564,0,0.97
1551,2000-08-17 03:30:00 PDT,1.64974,54.7945,0,0.97
1552,2000-08-17 03:45:00 PDT,2.49558,54.8564,0,0.97
1553,2000-08-17 04:00:00 PDT,3.3554,55.042,0,0.97
1554,2000-08-17 04:15:00 PDT,4.58572,55.6382,0,0.97375
1555,2000-08-17 04:30:00 PDT,5.59234,56.167,0.0232258,0.975
1556,2000-08-17 04:45:00 PDT,6.37527,56.6282,0.50516,0.97375
1557,2000-08-17 05:00:00 PDT,6.9345,57.022,1.30064,0.97
1558,2000-08-17 05:15:00 PDT,6.9345,57.2301,3.36774,0.95625
1559,2000-08-17 05:30:00 PDT,6.9345,57.4495,5.10967,0.945
1560,2000-08-17 05:45:00 PDT,6.9345,57.6801,6.52644,0.93625
1561,2000-08-17 06:00:00 PDT,6.9345,57.922,7.61805,0.93
1562,2000-08-17 06:15:00 PDT,6.82965,58.0064,6.40741,0.94125
1563,2000-08-17 06:30:00 PDT,6.79469,58.2145,6.18967,0.945
1564,2000-08-17 06:45:00 PDT,6.82965,58.5464,6.96482,0.94125
1565,2000-08-17 07:00:00 PDT,6.9345,59.002,8.73289,0.93
1566,2000-08-17 07:15:00 PDT,6.98344,59.6826,12.478,0.900938
1567,2000-08-17 07:30:00 PDT,7.18616,60.4195,16.56,0.87125
1568,2000-08-17 07:45:00 PDT,7.54267,61.2126,20.9787,0.840938
1569,2000-08-17 08:00:00 PDT,8.05297,62.062,25.7341,0.81
1570,2000-08-17 08:15:00 PDT,9.82854,63.3389,32.3506,0.765313
1571,2000-08-17 08:30:00 PDT,11.0169,64.4245,38.2877,0.72875
1572,2000-08-17 08:45:00 PDT,11.6181,65.3189,43.5454,0.700313
1573,2000-08-17 09:00:00 PDT,11.6321,66.022,48.1238,0.68
1574,2000-08-17 09:15:00 PDT,9.52795,65.9432,51.4654,0.690313
1575,2000-08-17 09:30:00 PDT,7.85724,66.067,54.4992,0.69375
1576,2000-08-17 09:45:00 PDT,6.61993,66.3932,57.2254,0.690313
1577,2000-08-17 10:00:00 PDT,5.81603,66.922,59.6438,0.68
1578,2000-08-17 10:15:00 PDT,6.30536,67.9739,61.7021,0.64875
1579,2000-08-17 10:30:00 PDT,6.65489,69.0145,63.4876,0.62
1580,2000-08-17 10:45:00 PDT,6.8646,70.0439,65.0002,0.59375
1581,2000-08-17 11:00:00 PDT,6.9345,71.062,66.2399,0.57
1582,2000-08-17 11:15:00 PDT,6.23546,72.3389,67.1457,0.547812
1583,2000-08-17 11:30:00 PDT,5.81603,73.4245,67.8192,0.52875
1584,2000-08-17 11:45:00 PDT,5.67623,74.3189,68.2605,0.512813
1585,2000-08-17 12:00:00 PDT,5.81603,75.022,68.4695,0.5
1586,2000-08-17 12:15:00 PDT,6.8646,75.2301,68.8644,0.495937
1587,2000-08-17 12:30:00 PDT,7.77335,75.4495,68.7482,0.49125
1588,2000-08-17 12:45:00 PDT,8.5423,75.6801,68.1212,0.485937
1589,2000-08-17 13:00:00 PDT,9.17144,75.922,66.9831,0.48
1590,2000-08-17 13:15:00 PDT,9.01066,76.3945,64.7854,0.467813
1591,2000-08-17 13:30:00 PDT,9.14348,76.732,62.4425,0.45875
1592,2000-08-17 13:45:00 PDT,9.56989,76.9345,59.9544,0.452813
1593,2000-08-17 14:00:00 PDT,10.2899,77.002,57.3212,0.45
1594,2000-08-17 14:15:00 PDT,12.2892,76.8164,54.6473,0.455938
1595,2000-08-17 14:30:00 PDT,13.9249,76.5745,51.7586,0.46125
1596,2000-08-17 14:45:00 PDT,15.1972,76.2764,48.6551,0.465938
1597,2000-08-17 15:00:00 PDT,16.1059,75.922,45.3367,0.47
1598,2000-08-17 15:15:00 PDT,16.2108,75.427,41.4289,0.46875
1599,2000-08-17 15:30:00 PDT,16.2457,74.932,37.5561,0.47
1600,2000-08-17 15:45:00 PDT,16.2108,74.437,33.718,0.47375
1601,2000-08-17 16:00:00 PDT,16.1059,73.942,29.9148,0.48
1602,2000-08-17 16:15:00 PDT,15.6166,73.5314,25.7719,0.493438
1603,2000-08-17 16:30:00 PDT,15.2671,73.0645,21.9135,0.50625
1604,2000-08-17 16:45:00 PDT,15.0574,72.5414,18.3396,0.518438
1605,2000-08-17 17:00:00 PDT,14.9875,71.962,15.0503,0.53
1606,2000-08-17 17:15:00 PDT,15.6865,71.2589,11.9061,0.53625
1607,2000-08-17 17:30:00 PDT,16.1059,70.5445,9.13934,0.545
1608,2000-08-17 17:45:00 PDT,16.2457,69.8189,6.74999,0.55625
1609,2000-08-17 18:00:00 PDT,16.1059,69.082,4.73806,0.57
1610,2000-08-17 18:15:00 PDT,15.2881,68.1314,3.31257,0.594687
1611,2000-08-17 18:30:00 PDT,14.4562,67.3045,2.12516,0.61625
1612,2000-08-17 18:45:00 PDT,13.6104,66.6014,1.1758,0.634688
1613,2000-08-17 19:00:00 PDT,12.7505,66.022,0.464515,0.65
1614,2000-08-17 19:15:00 PDT,11.5202,65.5495,0.304838,0.658438
1615,2000-08-17 19:30:00 PDT,10.5136,65.212,0.174193,0.66625
1616,2000-08-17 19:45:00 PDT,9.73067,65.0095,0.0725805,0.673438
1617,2000-08-17 20:00:00 PDT,9.17144,64.942,0,0.68
1618,2000-08-17 20:15:00 PDT,9.17144,65.4989,0,0.682188
1619,2000-08-17 20:30:00 PDT,9.17144,65.8645,0,0.68625
1620,2000-08-17 20:45:00 PDT,9.17144,66.0389,0,0.692187
1621,2000-08-17 21:00:00 PDT,9.17144,66.022,0,0.7
1622,2000-08-17 21:15:00 PDT,9.17144,65.4426,0,0.717187
1623,2000-08-17 21:30:00 PDT,9.17144,64.9195,0,0.73125
1624,2000-08-17 21:45:00 PDT,9.17144,64.4526,0,0.742188
1625,2000-08-17 22:00:00 PDT,9.17144,64.042,0,0.75
1626,2000-08-17 22:15:00 PDT,8.94075,63.6707,0,0.751875
1627,2000-08-17 22:30:00 PDT,8.86386,63.367,0,0.7525
1628,2000-08-17 22:45:00 PDT,8.94075,63.1307,0,0.751875
1629,2000-08-17 23:00:00 PDT,9.17144,62.962,0,0.75
1630,2000-08-17 23:15:00 PDT,10.248,63.0464,0,0.743125
1631,2000-08-17 23:30:00 PDT,11.0169,63.0745,0,0.7375
1632,2000-08-17 23:45:00 PDT,11.4783,63.0464,0,0.733125
1633,2000-08-18 00:00:00 PDT,11.6321,62.962,0,0.73
1634,2000-08-18 00:15:00 PDT,11.1008,62.8382,0,0.725313
1635,2000-08-18 00:30:00 PDT,10.5136,62.647,0,0.72375
1636,2000-08-18 00:45:00 PDT,9.87048,62.3882,0,0.725313
1637,2000-08-18 01:00:00 PDT,9.17144,62.062,0,0.73
1638,2000-08-18 01:15:00 PDT,7.70345,61.297,0,0.747188
1639,2000-08-18 01:30:00 PDT,6.65489,60.712,0,0.76125
1640,2000-08-18 01:45:00 PDT,6.02575,60.307,0,0.772188
1641,2000-08-18 02:00:00 PDT,5.81603,60.082,0,0.78
1642,2000-08-18 02:15:00 PDT,7.82928,60.6782,0,0.774375
1643,2000-08-18 02:30:00 PDT,9.05959,61.027,0,0.7725
1644,2000-08-18 02:45:00 PDT,9.50698,61.1282,0,0.774375
1645,2000-08-18 03:00:00 PDT,9.17144,60.982,0,0.78
1646,2000-08-18 03:15:00 PDT,5.57836,59.9301,0,0.800625
1647,2000-08-18 03:30:00 PDT,2.85209,59.0695,0,0.8175
1648,2000-08-18 03:45:00 PDT,0.99264,58.4001,0,0.830625
1649,2000-08-18 04:00:00 PDT,0,57.922,0,0.84
1650,2000-08-18 04:15:00 PDT,1.50993,57.4495,0.116129,0.850312
1651,2000-08-18 04:30:00 PDT,2.79617,57.292,0.60387,0.85375
1652,2000-08-18 04:45:00 PDT,3.85872,57.4495,1.46322,0.850312
1653,2000-08-18 05:00:00 PDT,4.69757,57.922,2.69419,0.84
1654,2000-08-18 05:15:00 PDT,4.97718,59.4689,4.40128,0.806875
1655,2000-08-18 05:30:00 PDT,5.2568,60.8245,6.41031,0.7775
1656,2000-08-18 05:45:00 PDT,5.53642,61.9889,8.72127,0.751875
1657,2000-08-18 06:00:00 PDT,5.81603,62.962,11.3342,0.73
1658,2000-08-18 06:15:00 PDT,6.53605,63.3557,14.3709,0.7175
1659,2000-08-18 06:30:00 PDT,6.96246,63.817,17.6284,0.705
1660,2000-08-18 06:45:00 PDT,7.09528,64.3457,21.1064,0.6925
1661,2000-08-18 07:00:00 PDT,6.9345,64.942,24.8051,0.68
1662,2000-08-18 07:15:00 PDT,5.36865,65.8926,29.4212,0.664687
1663,2000-08-18 07:30:00 PDT,4.25018,66.7195,33.7935,0.65125
1664,2000-08-18 07:45:00 PDT,3.5791,67.4226,37.9219,0.639687
1665,2000-08-18 08:00:00 PDT,3.3554,68.002,41.8064,0.63
1666,2000-08-18 08:15:00 PDT,4.48086,68.002,45.386,0.62875
1667,2000-08-18 08:30:00 PDT,5.45253,68.182,48.7625,0.625
1668,2000-08-18 08:45:00 PDT,6.27041,68.542,51.9357,0.61875
1669,2000-08-18 09:00:00 PDT,6.9345,69.082,54.9057,0.61
1670,2000-08-18 09:15:00 PDT,7.52869,70.3589,57.4286,0.588438
1671,2000-08-18 09:30:00 PDT,7.91316,71.4445,59.9108,0.57125
1672,2000-08-18 09:45:00 PDT,8.08792,72.3389,62.3525,0.558438
1673,2000-08-18 10:00:00 PDT,8.05297,73.042,64.7534,0.55
1674,2000-08-18 10:15:00 PDT,7.07431,73.1657,67.7321,0.555313
1675,2000-08-18 10:30:00 PDT,6.37527,73.357,70.2579,0.55875
1676,2000-08-18 10:45:00 PDT,5.95584,73.6157,72.3308,0.560313
1677,2000-08-18 11:00:00 PDT,5.81603,73.942,73.9508,0.56
1678,2000-08-18 11:15:00 PDT,6.48012,74.4201,74.9263,0.557813
1679,2000-08-18 11:30:00 PDT,7.07431,74.9095,75.5766,0.55375
1680,2000-08-18 11:45:00 PDT,7.59859,75.4101,75.9018,0.547813
1681,2000-08-18 12:00:00 PDT,8.05297,75.922,75.9018,0.54
1682,2000-08-18 12:15:00 PDT,8.43744,76.4789,75.4286,0.526563
1683,2000-08-18 12:30:00 PDT,8.75201,77.0245,74.7289,0.51375
1684,2000-08-18 12:45:00 PDT,8.99668,77.5589,73.8028,0.501563
1685,2000-08-18 13:00:00 PDT,9.17144,78.082,72.6502,0.49
1686,2000-08-18 13:15:00 PDT,8.94075,78.6782,71.6544,0.479063
1687,2000-08-18 13:30:00 PDT,8.86386,79.207,70.1766,0.46875
1688,2000-08-18 13:45:00 PDT,8.94075,79.6682,68.217,0.459063
1689,2000-08-18 14:00:00 PDT,9.17144,80.062,65.7754,0.45
1690,2000-08-18 14:15:00 PDT,10.5625,80.3714,62.3205,0.437812
1691,2000-08-18 14:30:00 PDT,11.4363,80.6245,58.7379,0.42875
1692,2000-08-18 14:45:00 PDT,11.7928,80.8214,55.0276,0.422812
1693,2000-08-18 15:00:00 PDT,11.6321,80.962,51.1896,0.42
1694,2000-08-18 15:15:00 PDT,9.63281,81.0464,46.9625,0.424063
1695,2000-08-18 15:30:00 PDT,7.99705,81.0745,42.7818,0.42875
1696,2000-08-18 15:45:00 PDT,6.72479,81.0464,38.6477,0.434063
1697,2000-08-18 16:00:00 PDT,5.81603,80.962,34.5599,0.44
1698,2000-08-18 16:15:00 PDT,5.81603,81.2264,30.6232,0.44
1699,2000-08-18 16:30:00 PDT,5.81603,81.1645,26.6632,0.445
1700,2000-08-18 16:45:00 PDT,5.81603,80.7764,22.68,0.455
1701,2000-08-18 17:00:00 PDT,5.81603,80.062,18.6735,0.47
1702,2000-08-18 17:15:00 PDT,5.81603,78.1439,13.2938,0.504062
1703,2000-08-18 17:30:00 PDT,5.81603,76.4845,8.79095,0.53375
1704,2000-08-18 17:45:00 PDT,5.81603,75.0839,5.16483,0.559063
1705,2000-08-18 18:00:00 PDT,5.81603,73.942,2.41548,0.58
1706,2000-08-18 18:15:00 PDT,5.71118,73.8182,1.66645,0.580625
1707,2000-08-18 18:30:00 PDT,5.67623,73.447,1.04516,0.5875
1708,2000-08-18 18:45:00 PDT,5.71118,72.8282,0.551612,0.600625
1709,2000-08-18 19:00:00 PDT,5.81603,71.962,0.185806,0.62
1710,2000-08-18 19:15:00 PDT,6.41022,70.0214,0.121935,0.668125
1711,2000-08-18 19:30:00 PDT,6.79469,68.3845,0.0696773,0.7075
1712,2000-08-18 19:45:00 PDT,6.96945,67.0514,0.0290322,0.738125
1713,2000-08-18 20:00:00 PDT,6.9345,66.022,0,0.76
1714,2000-08-18 20:15:00 PDT,6.0607,65.9207,0,0.755313
1715,2000-08-18 20:30:00 PDT,5.39661,65.707,0,0.75375
1716,2000-08-18 20:45:00 PDT,4.94223,65.3807,0,0.755313
1717,2000-08-18 21:00:00 PDT,4.69757,64.942,0,0.76
1718,2000-08-18 21:15:00 PDT,5.08204,64.1376,0,0.76875
1719,2000-08-18 21:30:00 PDT,5.39661,63.3895,0,0.78
1720,2000-08-18 21:45:00 PDT,5.64127,62.6976,0,0.79375
1721,2000-08-18 22:00:00 PDT,5.81603,62.062,0,0.81
1722,2000-08-18 22:15:00 PDT,5.60632,61.4826,0,0.840938
1723,2000-08-18 22:30:00 PDT,5.53642,60.9595,0,0.86625
1724,2000-08-18 22:45:00 PDT,5.60632,60.4926,0,0.885938
1725,2000-08-18 23:00:00 PDT,5.81603,60.082,0,0.9
1726,2000-08-18 23:15:00 PDT,6.58498,59.7107,0,0.9
1727,2000-08-18 23:30:00 PDT,7.21412,59.407,0,0.9
1728,2000-08-18 23:45:00 PDT,7.70345,59.1707,0,0.9
1729,2000-08-19 00:00:00 PDT,8.05297,59.002,0,0.9
1730,2000-08-19 00:15:00 PDT,7.94811,59.1032,0,0.897188
1731,2000-08-19 00:30:00 PDT,7.91316,59.137,0,0.89625
1732,2000-08-19 00:45:00 PDT,7.94811,59.1032,0,0.897188
1733,2000-08-19 01:00:00 PDT,8.05297,59.002,0,0.9
1734,2000-08-19 01:15:00 PDT,8.75201,58.6307,0,0.910313
1735,2000-08-19 01:30:00 PDT,9.17144,58.327,0,0.91875
1736,2000-08-19 01:45:00 PDT,9.31125,58.0907,0,0.925313
1737,2000-08-19 02:00:00 PDT,9.17144,57.922,0,0.93
1738,2000-08-19 02:15:00 PDT,7.91316,57.8207,0,0.935625
1739,2000-08-19 02:30:00 PDT,6.9345,57.787,0,0.9375
1740,2000-08-19 02:45:00 PDT,6.23546,57.8207,0,0.935625
1741,2000-08-19 03:00:00 PDT,5.81603,57.922,0,0.93
1742,2000-08-19 03:15:00 PDT,6.09565,58.2932,0,0.909375
1743,2000-08-19 03:30:00 PDT,6.37527,58.597,0,0.8925
1744,2000-08-19 03:45:00 PDT,6.65489,58.8332,0,0.879375
1745,2000-08-19 04:00:00 PDT,6.9345,59.002,0,0.87
1746,2000-08-19 04:15:00 PDT,7.52869,59.002,0.0174193,0.87
1747,2000-08-19 04:30:00 PDT,7.91316,59.002,0.16258,0.87
1748,2000-08-19 04:45:00 PDT,8.08792,59.002,0.435483,0.87
1749,2000-08-19 05:00:00 PDT,8.05297,59.002,0.836127,0.87
1750,2000-08-19 05:15:00 PDT,7.07431,58.9007,1.6258,0.872812
1751,2000-08-19 05:30:00 PDT,6.37527,58.867,2.36903,0.87375
1752,2000-08-19 05:45:00 PDT,5.95584,58.9007,3.0658,0.872812
1753,2000-08-19 06:00:00 PDT,5.81603,59.002,3.71612,0.87
1754,2000-08-19 06:15:00 PDT,6.79469,59.2889,3.70161,0.859687
1755,2000-08-19 06:30:00 PDT,7.49374,59.5645,4.0529,0.85125
1756,2000-08-19 06:45:00 PDT,7.91316,59.8289,4.76999,0.844687
1757,2000-08-19 07:00:00 PDT,8.05297,60.082,5.85289,0.84
1758,2000-08-19 07:15:00 PDT,6.8646,60.2057,7.73708,0.845625
1759,2000-08-19 07:30:00 PDT,6.09565,60.397,9.69675,0.8475
1760,2000-08-19 07:45:00 PDT,5.74613,60.6557,11.7319,0.845625
1761,2000-08-19 08:00:00 PDT,5.81603,60.982,13.8426,0.84
1762,2000-08-19 08:15:00 PDT,7.45878,61.5614,16.9171,0.822187
1763,2000-08-19 08:30:00 PDT,8.75201,62.0845,19.4748,0.80625
1764,2000-08-19 08:45:00 PDT,9.69572,62.5514,21.5158,0.792188
1765,2000-08-19 09:00:00 PDT,10.2899,62.962,23.04,0.78
1766,2000-08-19 09:15:00 PDT,9.90543,63.1476,22.41,0.774375
1767,2000-08-19 09:30:00 PDT,9.59086,63.3895,22.3548,0.7675
1768,2000-08-19 09:45:00 PDT,9.3462,63.6876,22.8745,0.759375
1769,2000-08-19 10:00:00 PDT,9.17144,64.042,23.969,0.75
1770,2000-08-19 10:15:00 PDT,9.2763,64.6382,27.598,0.732812
1771,2000-08-19 10:30:00 PDT,9.31125,65.167,30.4954,0.71875
1772,2000-08-19 10:45:00 PDT,9.2763,65.6282,32.6612,0.707812
1773,2000-08-19 11:00:00 PDT,9.17144,66.022,34.0954,0.7
1774,2000-08-19 11:15:00 PDT,8.78697,66.2301,33.2564,0.701875
1775,2000-08-19 11:30:00 PDT,8.4724,66.4495,32.7135,0.7025
1776,2000-08-19 11:45:00 PDT,8.22773,66.6801,32.4667,0.701875
1777,2000-08-19 12:00:00 PDT,8.05297,66.922,32.5161,0.7
1778,2000-08-19 12:15:00 PDT,8.15783,67.3945,34.4467,0.688438
1779,2000-08-19 12:30:00 PDT,8.19278,67.732,35.6167,0.68125
1780,2000-08-19 12:45:00 PDT,8.15783,67.9345,36.0261,0.678438
1781,2000-08-19 13:00:00 PDT,8.05297,68.002,35.6748,0.68
1782,2000-08-19 13:15:00 PDT,7.6685,67.5295,33.0125,0.697188
1783,2000-08-19 13:30:00 PDT,7.35393,67.192,30.6232,0.71125
1784,2000-08-19 13:45:00 PDT,7.10926,66.9895,28.5067,0.722187
1785,2000-08-19 14:00:00 PDT,6.9345,66.922,26.6632,0.73
1786,2000-08-19 14:15:00 PDT,7.03936,67.2932,25.6848,0.73
1787,2000-08-19 14:30:00 PDT,7.07431,67.597,24.5845,0.73
1788,2000-08-19 14:45:00 PDT,7.03936,67.8332,23.3622,0.73
1789,2000-08-19 15:00:00 PDT,6.9345,68.002,22.018,0.73
1790,2000-08-19 15:15:00 PDT,6.55003,68.1032,20.6129,0.727187
1791,2000-08-19 15:30:00 PDT,6.23546,68.137,19.0451,0.72625
1792,2000-08-19 15:45:00 PDT,5.9908,68.1032,17.3148,0.727187
1793,2000-08-19 16:00:00 PDT,5.81603,68.002,15.4219,0.73
1794,2000-08-19 16:15:00 PDT,5.81603,67.6307,12.6,0.740313
1795,2000-08-19 16:30:00 PDT,5.81603,67.327,10.1264,0.74875
1796,2000-08-19 16:45:00 PDT,5.81603,67.0907,8.00127,0.755313
1797,2000-08-19 17:00:00 PDT,5.81603,66.922,6.2245,0.76
1798,2000-08-19 17:15:00 PDT,5.81603,66.922,5.20547,0.76
1799,2000-08-19 17:30:00 PDT,5.81603,66.922,4.26193,0.76
1800,2000-08-19 17:45:00 PDT,5.81603,66.922,3.39386,0.76
1801,2000-08-19 18:00:00 PDT,5.81603,66.922,2.60129,0.76
1802,2000-08-19 18:15:00 PDT,5.81603,67.0064,1.78838,0.755313
1803,2000-08-19 18:30:00 PDT,5.81603,67.0345,1.11484,0.75375
1804,2000-08-19 18:45:00 PDT,5.81603,67.0064,0.580644,0.755313
1805,2000-08-19 19:00:00 PDT,5.81603,66.922,0.185806,0.76
1806,2000-08-19 19:15:00 PDT,5.50147,66.7982,0.121935,0.76875
1807,2000-08-19 19:30:00 PDT,5.39661,66.607,0.0696773,0.78
1808,2000-08-19 19:45:00 PDT,5.50147,66.3482,0.0290322,0.79375
1809,2000-08-19 20:00:00 PDT,5.81603,66.022,0,0.81
1810,2000-08-19 20:15:00 PDT,7.17917,65.527,0,0.84375
1811,2000-08-19 20:30:00 PDT,8.19278,65.032,0,0.87
1812,2000-08-19 20:45:00 PDT,8.85687,64.537,0,0.88875
1813,2000-08-19 21:00:00 PDT,9.17144,64.042,0,0.9
1814,2000-08-19 21:15:00 PDT,8.08792,63.4626,0,0.889687
1815,2000-08-19 21:30:00 PDT,7.35393,62.9395,0,0.88125
1816,2000-08-19 21:45:00 PDT,6.96945,62.4726,0,0.874687
1817,2000-08-19 22:00:00 PDT,6.9345,62.062,0,0.87
1818,2000-08-19 22:15:00 PDT,8.19278,61.6907,0,0.87
1819,2000-08-19 22:30:00 PDT,9.17144,61.387,0,0.87
1820,2000-08-19 22:45:00 PDT,9.87048,61.1507,0,0.87
1821,2000-08-19 23:00:00 PDT,10.2899,60.982,0,0.87
1822,2000-08-19 23:15:00 PDT,10.0103,61.0664,0,0.867188
1823,2000-08-19 23:30:00 PDT,9.73067,61.0945,0,0.86625
1824,2000-08-19 23:45:00 PDT,9.45106,61.0664,0,0.867188
